location_key	location_id	location_name	date	tmin_c	tmax_c	precip_mm
1	BGD-DHAKA	Dhaka	2019-01-01	12.3	26.4	0.0
1	BGD-DHAKA	Dhaka	2019-01-02	13.14	25.61	0.0
1	BGD-DHAKA	Dhaka	2019-01-03	12.46	25.81	0.0
1	BGD-DHAKA	Dhaka	2019-01-04	10.01	24.12	0.0
1	BGD-DHAKA	Dhaka	2019-01-05	10.03	25.31	0.0
1	BGD-DHAKA	Dhaka	2019-01-06	11.75	26.25	0.0
1	BGD-DHAKA	Dhaka	2019-01-07	12.34	26.99	0.0
1	BGD-DHAKA	Dhaka	2019-01-08	13.83	26.87	0.0
1	BGD-DHAKA	Dhaka	2019-01-09	13.55	25.98	0.0
1	BGD-DHAKA	Dhaka	2019-01-10	13.26	24.83	0.0
1	BGD-DHAKA	Dhaka	2019-01-11	11.16	24.8	0.0
1	BGD-DHAKA	Dhaka	2019-01-12	11.5	25.56	0.0
1	BGD-DHAKA	Dhaka	2019-01-13	12.07	26.61	0.0
1	BGD-DHAKA	Dhaka	2019-01-14	12.81	26.25	0.0
1	BGD-DHAKA	Dhaka	2019-01-15	11.35	25.42	0.0
1	BGD-DHAKA	Dhaka	2019-01-16	10.16	25.48	0.0
1	BGD-DHAKA	Dhaka	2019-01-17	12.12	26.62	0.0
1	BGD-DHAKA	Dhaka	2019-01-18	12.86	26.01	0.0
1	BGD-DHAKA	Dhaka	2019-01-19	12.55	25.4	0.0
1	BGD-DHAKA	Dhaka	2019-01-20	11.87	25.75	0.0
1	BGD-DHAKA	Dhaka	2019-01-21	13.46	27.14	0.0
1	BGD-DHAKA	Dhaka	2019-01-22	13.37	28.06	0.0
1	BGD-DHAKA	Dhaka	2019-01-23	12.58	28.25	0.0
1	BGD-DHAKA	Dhaka	2019-01-24	13.01	29.1	0.0
1	BGD-DHAKA	Dhaka	2019-01-25	14.05	29.11	0.0
1	BGD-DHAKA	Dhaka	2019-01-26	14.26	30.24	0.0
1	BGD-DHAKA	Dhaka	2019-01-27	15.53	29.0	0.0
1	BGD-DHAKA	Dhaka	2019-01-28	15.66	28.34	0.0
1	BGD-DHAKA	Dhaka	2019-01-29	13.9	25.63	0.0
1	BGD-DHAKA	Dhaka	2019-01-30	9.06	24.71	0.0
1	BGD-DHAKA	Dhaka	2019-01-31	10.27	27.55	0.0
1	BGD-DHAKA	Dhaka	2019-02-01	12.13	28.65	0.0
1	BGD-DHAKA	Dhaka	2019-02-02	14.64	28.33	0.0
1	BGD-DHAKA	Dhaka	2019-02-03	14.03	28.41	0.0
1	BGD-DHAKA	Dhaka	2019-02-04	13.7	28.14	0.0
1	BGD-DHAKA	Dhaka	2019-02-05	12.55	28.39	0.0
1	BGD-DHAKA	Dhaka	2019-02-06	13.79	27.59	0.0
1	BGD-DHAKA	Dhaka	2019-02-07	12.89	29.29	0.0
1	BGD-DHAKA	Dhaka	2019-02-08	15.16	29.8	0.0
1	BGD-DHAKA	Dhaka	2019-02-09	16.7	29.23	0.71
1	BGD-DHAKA	Dhaka	2019-02-10	13.37	27.27	0.0
1	BGD-DHAKA	Dhaka	2019-02-11	10.64	27.12	0.0
1	BGD-DHAKA	Dhaka	2019-02-12	11.94	28.63	0.0
1	BGD-DHAKA	Dhaka	2019-02-13	14.86	29.7	0.0
1	BGD-DHAKA	Dhaka	2019-02-14	15.58	31.08	0.0
1	BGD-DHAKA	Dhaka	2019-02-15	17.47	31.69	0.0
1	BGD-DHAKA	Dhaka	2019-02-16	17.65	30.26	0.35
1	BGD-DHAKA	Dhaka	2019-02-17	15.57	26.29	11.04
1	BGD-DHAKA	Dhaka	2019-02-18	13.98	26.68	0.0
1	BGD-DHAKA	Dhaka	2019-02-19	15.13	30.21	0.0
1	BGD-DHAKA	Dhaka	2019-02-20	16.2	31.41	0.0
1	BGD-DHAKA	Dhaka	2019-02-21	16.11	31.44	0.0
1	BGD-DHAKA	Dhaka	2019-02-22	16.83	31.36	0.0
1	BGD-DHAKA	Dhaka	2019-02-23	18.67	32.81	0.0
1	BGD-DHAKA	Dhaka	2019-02-24	18.91	32.5	0.03
1	BGD-DHAKA	Dhaka	2019-02-25	18.54	29.69	7.79
1	BGD-DHAKA	Dhaka	2019-02-26	17.55	26.91	21.43
1	BGD-DHAKA	Dhaka	2019-02-27	18.08	27.89	19.63
1	BGD-DHAKA	Dhaka	2019-02-28	17.79	28.06	25.82
1	BGD-DHAKA	Dhaka	2019-03-01	14.11	27.04	0.27
1	BGD-DHAKA	Dhaka	2019-03-02	10.55	27.82	0.0
1	BGD-DHAKA	Dhaka	2019-03-03	14.1	28.74	0.0
1	BGD-DHAKA	Dhaka	2019-03-04	16.12	25.59	0.03
1	BGD-DHAKA	Dhaka	2019-03-05	19.45	28.58	8.82
1	BGD-DHAKA	Dhaka	2019-03-06	17.88	29.67	0.04
1	BGD-DHAKA	Dhaka	2019-03-07	19.33	30.04	0.02
1	BGD-DHAKA	Dhaka	2019-03-08	16.76	29.99	0.0
1	BGD-DHAKA	Dhaka	2019-03-09	15.56	30.49	0.0
1	BGD-DHAKA	Dhaka	2019-03-10	15.46	31.41	0.0
1	BGD-DHAKA	Dhaka	2019-03-11	19.15	30.89	0.0
1	BGD-DHAKA	Dhaka	2019-03-12	19.24	34.42	0.0
1	BGD-DHAKA	Dhaka	2019-03-13	18.23	34.91	0.0
1	BGD-DHAKA	Dhaka	2019-03-14	20.46	35.08	0.0
1	BGD-DHAKA	Dhaka	2019-03-15	20.89	35.75	0.02
1	BGD-DHAKA	Dhaka	2019-03-16	21.12	35.64	0.03
1	BGD-DHAKA	Dhaka	2019-03-17	20.64	35.67	4.63
1	BGD-DHAKA	Dhaka	2019-03-18	21.13	32.02	3.98
1	BGD-DHAKA	Dhaka	2019-03-19	18.0	32.99	1.0
1	BGD-DHAKA	Dhaka	2019-03-20	18.99	33.38	1.16
1	BGD-DHAKA	Dhaka	2019-03-21	18.8	34.78	2.18
1	BGD-DHAKA	Dhaka	2019-03-22	21.2	35.06	3.87
1	BGD-DHAKA	Dhaka	2019-03-23	22.34	34.94	2.94
1	BGD-DHAKA	Dhaka	2019-03-24	18.75	35.42	0.0
1	BGD-DHAKA	Dhaka	2019-03-25	18.12	35.81	0.0
1	BGD-DHAKA	Dhaka	2019-03-26	18.93	36.01	0.0
1	BGD-DHAKA	Dhaka	2019-03-27	19.86	32.42	1.95
1	BGD-DHAKA	Dhaka	2019-03-28	21.63	34.19	0.0
1	BGD-DHAKA	Dhaka	2019-03-29	20.69	35.13	0.0
1	BGD-DHAKA	Dhaka	2019-03-30	22.46	35.04	0.0
1	BGD-DHAKA	Dhaka	2019-03-31	23.29	35.74	8.32
1	BGD-DHAKA	Dhaka	2019-04-01	23.82	31.15	40.7
1	BGD-DHAKA	Dhaka	2019-04-02	22.57	33.27	8.31
1	BGD-DHAKA	Dhaka	2019-04-03	21.85	32.6	3.7
1	BGD-DHAKA	Dhaka	2019-04-04	22.82	33.66	0.73
1	BGD-DHAKA	Dhaka	2019-04-05	23.2	33.9	0.5
1	BGD-DHAKA	Dhaka	2019-04-06	23.43	31.68	4.94
1	BGD-DHAKA	Dhaka	2019-04-07	22.66	32.74	5.12
1	BGD-DHAKA	Dhaka	2019-04-08	22.52	33.7	4.1
1	BGD-DHAKA	Dhaka	2019-04-09	22.83	32.51	16.72
1	BGD-DHAKA	Dhaka	2019-04-10	22.76	32.17	17.46
1	BGD-DHAKA	Dhaka	2019-04-11	22.96	33.11	0.08
1	BGD-DHAKA	Dhaka	2019-04-12	23.87	33.07	0.48
1	BGD-DHAKA	Dhaka	2019-04-13	23.43	35.54	0.49
1	BGD-DHAKA	Dhaka	2019-04-14	23.81	36.89	0.32
1	BGD-DHAKA	Dhaka	2019-04-15	24.57	36.7	1.02
1	BGD-DHAKA	Dhaka	2019-04-16	24.6	36.9	2.45
1	BGD-DHAKA	Dhaka	2019-04-17	24.97	36.98	4.71
1	BGD-DHAKA	Dhaka	2019-04-18	23.53	36.68	0.0
1	BGD-DHAKA	Dhaka	2019-04-19	24.43	37.36	0.0
1	BGD-DHAKA	Dhaka	2019-04-20	24.28	36.34	0.06
1	BGD-DHAKA	Dhaka	2019-04-21	23.95	37.05	2.49
1	BGD-DHAKA	Dhaka	2019-04-22	24.59	34.84	0.84
1	BGD-DHAKA	Dhaka	2019-04-23	22.45	36.45	0.0
1	BGD-DHAKA	Dhaka	2019-04-24	23.75	37.66	0.3
1	BGD-DHAKA	Dhaka	2019-04-25	25.35	38.68	0.07
1	BGD-DHAKA	Dhaka	2019-04-26	25.14	39.23	0.03
1	BGD-DHAKA	Dhaka	2019-04-27	26.18	38.57	2.0
1	BGD-DHAKA	Dhaka	2019-04-28	26.56	39.8	3.19
1	BGD-DHAKA	Dhaka	2019-04-29	26.33	40.49	4.69
1	BGD-DHAKA	Dhaka	2019-04-30	26.17	38.5	4.97
1	BGD-DHAKA	Dhaka	2019-05-01	26.62	37.65	2.24
1	BGD-DHAKA	Dhaka	2019-05-02	26.05	36.79	4.75
1	BGD-DHAKA	Dhaka	2019-05-03	26.34	33.2	13.31
1	BGD-DHAKA	Dhaka	2019-05-04	24.53	30.3	76.94
1	BGD-DHAKA	Dhaka	2019-05-05	22.65	35.55	0.24
1	BGD-DHAKA	Dhaka	2019-05-06	25.26	37.32	1.41
1	BGD-DHAKA	Dhaka	2019-05-07	25.49	38.0	0.0
1	BGD-DHAKA	Dhaka	2019-05-08	25.2	39.06	0.01
1	BGD-DHAKA	Dhaka	2019-05-09	26.18	37.09	1.32
1	BGD-DHAKA	Dhaka	2019-05-10	26.63	38.26	3.56
1	BGD-DHAKA	Dhaka	2019-05-11	26.79	37.01	5.69
1	BGD-DHAKA	Dhaka	2019-05-12	26.95	35.34	2.07
1	BGD-DHAKA	Dhaka	2019-05-13	26.54	36.5	2.43
1	BGD-DHAKA	Dhaka	2019-05-14	25.81	33.97	24.3
1	BGD-DHAKA	Dhaka	2019-05-15	26.15	35.27	6.81
1	BGD-DHAKA	Dhaka	2019-05-16	26.38	35.96	3.73
1	BGD-DHAKA	Dhaka	2019-05-17	25.94	35.75	16.88
1	BGD-DHAKA	Dhaka	2019-05-18	26.52	35.42	14.37
1	BGD-DHAKA	Dhaka	2019-05-19	26.84	33.31	11.04
1	BGD-DHAKA	Dhaka	2019-05-20	26.41	34.16	0.6
1	BGD-DHAKA	Dhaka	2019-05-21	26.3	34.93	1.56
1	BGD-DHAKA	Dhaka	2019-05-22	26.41	34.71	9.3
1	BGD-DHAKA	Dhaka	2019-05-23	26.18	32.07	45.7
1	BGD-DHAKA	Dhaka	2019-05-24	26.49	32.06	45.3
1	BGD-DHAKA	Dhaka	2019-05-25	26.29	30.91	59.45
1	BGD-DHAKA	Dhaka	2019-05-26	25.81	32.29	17.48
1	BGD-DHAKA	Dhaka	2019-05-27	25.98	32.82	10.67
1	BGD-DHAKA	Dhaka	2019-05-28	25.87	32.75	9.27
1	BGD-DHAKA	Dhaka	2019-05-29	26.43	33.52	8.13
1	BGD-DHAKA	Dhaka	2019-05-30	26.11	33.4	0.82
1	BGD-DHAKA	Dhaka	2019-05-31	25.86	33.58	37.8
1	BGD-DHAKA	Dhaka	2019-06-01	26.48	32.19	72.74
1	BGD-DHAKA	Dhaka	2019-06-02	26.1	32.2	56.06
1	BGD-DHAKA	Dhaka	2019-06-03	25.72	30.89	53.6
1	BGD-DHAKA	Dhaka	2019-06-04	25.92	31.23	45.18
1	BGD-DHAKA	Dhaka	2019-06-05	25.79	29.66	21.03
1	BGD-DHAKA	Dhaka	2019-06-06	24.75	30.0	13.75
1	BGD-DHAKA	Dhaka	2019-06-07	25.52	29.81	3.8
1	BGD-DHAKA	Dhaka	2019-06-08	25.57	30.51	10.0
1	BGD-DHAKA	Dhaka	2019-06-09	26.12	31.22	6.5
1	BGD-DHAKA	Dhaka	2019-06-10	26.23	32.77	4.34
1	BGD-DHAKA	Dhaka	2019-06-11	26.03	32.59	0.23
1	BGD-DHAKA	Dhaka	2019-06-12	26.38	34.34	0.01
1	BGD-DHAKA	Dhaka	2019-06-13	28.02	33.66	1.38
1	BGD-DHAKA	Dhaka	2019-06-14	27.72	31.01	31.68
1	BGD-DHAKA	Dhaka	2019-06-15	27.5	31.07	24.12
1	BGD-DHAKA	Dhaka	2019-06-16	27.27	31.24	13.91
1	BGD-DHAKA	Dhaka	2019-06-17	27.14	31.35	16.78
1	BGD-DHAKA	Dhaka	2019-06-18	27.13	31.92	11.48
1	BGD-DHAKA	Dhaka	2019-06-19	27.2	33.67	0.13
1	BGD-DHAKA	Dhaka	2019-06-20	24.94	29.75	10.39
1	BGD-DHAKA	Dhaka	2019-06-21	25.96	32.72	9.62
1	BGD-DHAKA	Dhaka	2019-06-22	26.52	32.16	13.4
1	BGD-DHAKA	Dhaka	2019-06-23	26.05	32.95	0.2
1	BGD-DHAKA	Dhaka	2019-06-24	27.61	32.64	0.64
1	BGD-DHAKA	Dhaka	2019-06-25	27.5	33.0	1.69
1	BGD-DHAKA	Dhaka	2019-06-26	27.21	32.08	7.64
1	BGD-DHAKA	Dhaka	2019-06-27	27.2	31.43	22.26
1	BGD-DHAKA	Dhaka	2019-06-28	26.84	31.15	12.54
1	BGD-DHAKA	Dhaka	2019-06-29	27.18	31.73	26.55
1	BGD-DHAKA	Dhaka	2019-06-30	26.89	31.54	3.85
1	BGD-DHAKA	Dhaka	2019-07-01	27.12	31.37	8.14
1	BGD-DHAKA	Dhaka	2019-07-02	26.75	32.46	4.62
1	BGD-DHAKA	Dhaka	2019-07-03	26.82	32.58	2.33
1	BGD-DHAKA	Dhaka	2019-07-04	26.72	32.85	7.4
1	BGD-DHAKA	Dhaka	2019-07-05	26.96	32.07	9.85
1	BGD-DHAKA	Dhaka	2019-07-06	26.97	31.51	8.41
1	BGD-DHAKA	Dhaka	2019-07-07	26.27	31.67	17.28
1	BGD-DHAKA	Dhaka	2019-07-08	26.82	31.6	33.5
1	BGD-DHAKA	Dhaka	2019-07-09	26.82	30.5	76.49
1	BGD-DHAKA	Dhaka	2019-07-10	27.02	30.4	46.7
1	BGD-DHAKA	Dhaka	2019-07-11	26.83	29.41	55.14
1	BGD-DHAKA	Dhaka	2019-07-12	26.53	29.55	27.17
1	BGD-DHAKA	Dhaka	2019-07-13	26.34	30.5	88.71
1	BGD-DHAKA	Dhaka	2019-07-14	26.3	29.62	56.2
1	BGD-DHAKA	Dhaka	2019-07-15	26.74	30.53	79.35
1	BGD-DHAKA	Dhaka	2019-07-16	26.59	31.09	12.6
1	BGD-DHAKA	Dhaka	2019-07-17	26.46	32.96	8.19
1	BGD-DHAKA	Dhaka	2019-07-18	26.51	31.11	2.22
1	BGD-DHAKA	Dhaka	2019-07-19	25.89	30.65	8.16
1	BGD-DHAKA	Dhaka	2019-07-20	26.48	32.47	9.52
1	BGD-DHAKA	Dhaka	2019-07-21	26.8	31.79	3.55
1	BGD-DHAKA	Dhaka	2019-07-22	26.61	30.47	18.39
1	BGD-DHAKA	Dhaka	2019-07-23	25.95	29.7	18.28
1	BGD-DHAKA	Dhaka	2019-07-24	26.45	31.2	9.09
1	BGD-DHAKA	Dhaka	2019-07-25	26.31	31.98	20.95
1	BGD-DHAKA	Dhaka	2019-07-26	26.36	30.01	35.8
1	BGD-DHAKA	Dhaka	2019-07-27	26.16	31.56	27.83
1	BGD-DHAKA	Dhaka	2019-07-28	25.93	31.25	11.2
1	BGD-DHAKA	Dhaka	2019-07-29	25.38	31.05	10.46
1	BGD-DHAKA	Dhaka	2019-07-30	25.62	29.98	14.72
1	BGD-DHAKA	Dhaka	2019-07-31	25.85	30.91	15.6
1	BGD-DHAKA	Dhaka	2019-08-01	25.75	31.67	4.94
1	BGD-DHAKA	Dhaka	2019-08-02	25.82	30.8	1.36
1	BGD-DHAKA	Dhaka	2019-08-03	25.54	29.75	7.89
1	BGD-DHAKA	Dhaka	2019-08-04	25.89	32.86	5.33
1	BGD-DHAKA	Dhaka	2019-08-05	27.1	33.06	3.13
1	BGD-DHAKA	Dhaka	2019-08-06	27.64	31.46	16.93
1	BGD-DHAKA	Dhaka	2019-08-07	26.06	31.49	20.0
1	BGD-DHAKA	Dhaka	2019-08-08	25.43	30.72	39.91
1	BGD-DHAKA	Dhaka	2019-08-09	25.94	31.94	15.46
1	BGD-DHAKA	Dhaka	2019-08-10	26.51	32.77	11.27
1	BGD-DHAKA	Dhaka	2019-08-11	27.05	32.19	3.03
1	BGD-DHAKA	Dhaka	2019-08-12	27.08	30.01	20.19
1	BGD-DHAKA	Dhaka	2019-08-13	26.36	29.34	33.9
1	BGD-DHAKA	Dhaka	2019-08-14	26.3	29.57	56.78
1	BGD-DHAKA	Dhaka	2019-08-15	26.31	30.5	38.08
1	BGD-DHAKA	Dhaka	2019-08-16	26.71	30.55	14.84
1	BGD-DHAKA	Dhaka	2019-08-17	26.52	31.5	13.61
1	BGD-DHAKA	Dhaka	2019-08-18	25.63	30.5	7.92
1	BGD-DHAKA	Dhaka	2019-08-19	25.22	32.06	0.93
1	BGD-DHAKA	Dhaka	2019-08-20	25.87	32.33	0.55
1	BGD-DHAKA	Dhaka	2019-08-21	26.4	32.93	0.73
1	BGD-DHAKA	Dhaka	2019-08-22	26.66	32.63	5.86
1	BGD-DHAKA	Dhaka	2019-08-23	26.35	30.99	10.18
1	BGD-DHAKA	Dhaka	2019-08-24	25.96	30.06	12.53
1	BGD-DHAKA	Dhaka	2019-08-25	25.33	31.89	4.46
1	BGD-DHAKA	Dhaka	2019-08-26	26.52	32.08	4.14
1	BGD-DHAKA	Dhaka	2019-08-27	25.77	32.37	1.74
1	BGD-DHAKA	Dhaka	2019-08-28	26.11	30.25	2.84
1	BGD-DHAKA	Dhaka	2019-08-29	25.98	32.97	1.61
1	BGD-DHAKA	Dhaka	2019-08-30	26.29	32.44	1.7
1	BGD-DHAKA	Dhaka	2019-08-31	26.49	31.61	7.31
1	BGD-DHAKA	Dhaka	2019-09-01	26.74	32.8	16.5
1	BGD-DHAKA	Dhaka	2019-09-02	26.73	31.9	7.59
1	BGD-DHAKA	Dhaka	2019-09-03	26.47	31.81	17.1
1	BGD-DHAKA	Dhaka	2019-09-04	26.61	30.47	5.49
1	BGD-DHAKA	Dhaka	2019-09-05	26.1	31.22	9.33
1	BGD-DHAKA	Dhaka	2019-09-06	26.19	31.29	3.33
1	BGD-DHAKA	Dhaka	2019-09-07	25.82	30.52	4.15
1	BGD-DHAKA	Dhaka	2019-09-08	26.3	31.72	11.88
1	BGD-DHAKA	Dhaka	2019-09-09	26.04	32.49	8.57
1	BGD-DHAKA	Dhaka	2019-09-10	26.9	31.26	13.23
1	BGD-DHAKA	Dhaka	2019-09-11	26.89	31.53	5.71
1	BGD-DHAKA	Dhaka	2019-09-12	26.66	29.72	19.32
1	BGD-DHAKA	Dhaka	2019-09-13	26.3	30.01	26.27
1	BGD-DHAKA	Dhaka	2019-09-14	25.71	30.28	11.78
1	BGD-DHAKA	Dhaka	2019-09-15	25.81	32.0	2.68
1	BGD-DHAKA	Dhaka	2019-09-16	26.1	30.65	3.85
1	BGD-DHAKA	Dhaka	2019-09-17	25.79	32.07	8.74
1	BGD-DHAKA	Dhaka	2019-09-18	25.37	32.94	4.56
1	BGD-DHAKA	Dhaka	2019-09-19	26.32	33.62	1.34
1	BGD-DHAKA	Dhaka	2019-09-20	26.14	31.7	3.14
1	BGD-DHAKA	Dhaka	2019-09-21	26.61	32.43	1.84
1	BGD-DHAKA	Dhaka	2019-09-22	26.68	31.88	16.97
1	BGD-DHAKA	Dhaka	2019-09-23	25.24	30.78	8.63
1	BGD-DHAKA	Dhaka	2019-09-24	25.03	28.47	27.02
1	BGD-DHAKA	Dhaka	2019-09-25	24.61	28.14	23.92
1	BGD-DHAKA	Dhaka	2019-09-26	23.45	29.49	11.38
1	BGD-DHAKA	Dhaka	2019-09-27	23.5	29.3	3.38
1	BGD-DHAKA	Dhaka	2019-09-28	23.47	28.84	2.28
1	BGD-DHAKA	Dhaka	2019-09-29	23.24	28.15	12.81
1	BGD-DHAKA	Dhaka	2019-09-30	23.54	29.21	23.61
1	BGD-DHAKA	Dhaka	2019-10-01	24.61	28.74	17.8
1	BGD-DHAKA	Dhaka	2019-10-02	23.62	30.59	13.2
1	BGD-DHAKA	Dhaka	2019-10-03	24.16	30.71	6.71
1	BGD-DHAKA	Dhaka	2019-10-04	24.73	29.96	6.41
1	BGD-DHAKA	Dhaka	2019-10-05	24.01	30.5	1.97
1	BGD-DHAKA	Dhaka	2019-10-06	25.33	30.37	6.11
1	BGD-DHAKA	Dhaka	2019-10-07	24.78	29.87	6.35
1	BGD-DHAKA	Dhaka	2019-10-08	24.94	29.01	7.18
1	BGD-DHAKA	Dhaka	2019-10-09	23.87	28.71	10.72
1	BGD-DHAKA	Dhaka	2019-10-10	23.22	28.38	39.73
1	BGD-DHAKA	Dhaka	2019-10-11	23.41	30.05	11.01
1	BGD-DHAKA	Dhaka	2019-10-12	23.8	30.13	2.62
1	BGD-DHAKA	Dhaka	2019-10-13	21.08	29.95	0.0
1	BGD-DHAKA	Dhaka	2019-10-14	20.99	30.59	0.0
1	BGD-DHAKA	Dhaka	2019-10-15	22.0	31.29	0.46
1	BGD-DHAKA	Dhaka	2019-10-16	23.8	30.6	9.41
1	BGD-DHAKA	Dhaka	2019-10-17	23.76	31.08	9.22
1	BGD-DHAKA	Dhaka	2019-10-18	23.8	31.25	0.14
1	BGD-DHAKA	Dhaka	2019-10-19	22.85	30.76	0.0
1	BGD-DHAKA	Dhaka	2019-10-20	22.76	30.11	0.0
1	BGD-DHAKA	Dhaka	2019-10-21	22.04	29.95	2.37
1	BGD-DHAKA	Dhaka	2019-10-22	23.08	29.55	2.34
1	BGD-DHAKA	Dhaka	2019-10-23	21.67	28.79	4.41
1	BGD-DHAKA	Dhaka	2019-10-24	20.57	23.02	37.92
1	BGD-DHAKA	Dhaka	2019-10-25	20.55	26.13	26.35
1	BGD-DHAKA	Dhaka	2019-10-26	23.74	28.12	69.12
1	BGD-DHAKA	Dhaka	2019-10-27	22.06	29.11	6.76
1	BGD-DHAKA	Dhaka	2019-10-28	20.49	28.03	0.45
1	BGD-DHAKA	Dhaka	2019-10-29	19.5	28.16	0.0
1	BGD-DHAKA	Dhaka	2019-10-30	20.82	29.13	0.0
1	BGD-DHAKA	Dhaka	2019-10-31	20.89	28.97	0.0
1	BGD-DHAKA	Dhaka	2019-11-01	21.77	29.1	0.0
1	BGD-DHAKA	Dhaka	2019-11-02	21.19	30.07	0.0
1	BGD-DHAKA	Dhaka	2019-11-03	21.99	29.41	0.0
1	BGD-DHAKA	Dhaka	2019-11-04	22.75	29.35	0.0
1	BGD-DHAKA	Dhaka	2019-11-05	21.61	29.03	0.0
1	BGD-DHAKA	Dhaka	2019-11-06	20.69	28.86	0.0
1	BGD-DHAKA	Dhaka	2019-11-07	19.19	30.01	0.0
1	BGD-DHAKA	Dhaka	2019-11-08	20.49	27.0	3.11
1	BGD-DHAKA	Dhaka	2019-11-09	21.94	24.67	33.44
1	BGD-DHAKA	Dhaka	2019-11-10	21.63	25.14	22.81
1	BGD-DHAKA	Dhaka	2019-11-11	20.84	27.51	8.61
1	BGD-DHAKA	Dhaka	2019-11-12	19.34	27.88	1.08
1	BGD-DHAKA	Dhaka	2019-11-13	18.68	28.02	0.0
1	BGD-DHAKA	Dhaka	2019-11-14	19.58	29.0	0.0
1	BGD-DHAKA	Dhaka	2019-11-15	20.49	28.51	0.01
1	BGD-DHAKA	Dhaka	2019-11-16	19.72	28.13	0.0
1	BGD-DHAKA	Dhaka	2019-11-17	19.93	27.51	0.0
1	BGD-DHAKA	Dhaka	2019-11-18	18.73	27.22	0.0
1	BGD-DHAKA	Dhaka	2019-11-19	19.05	27.19	0.0
1	BGD-DHAKA	Dhaka	2019-11-20	17.84	25.83	0.0
1	BGD-DHAKA	Dhaka	2019-11-21	16.53	26.55	0.0
1	BGD-DHAKA	Dhaka	2019-11-22	16.74	25.8	0.0
1	BGD-DHAKA	Dhaka	2019-11-23	17.15	26.6	0.0
1	BGD-DHAKA	Dhaka	2019-11-24	17.81	26.11	0.0
1	BGD-DHAKA	Dhaka	2019-11-25	17.46	26.18	0.0
1	BGD-DHAKA	Dhaka	2019-11-26	18.21	27.6	0.0
1	BGD-DHAKA	Dhaka	2019-11-27	17.2	26.96	0.0
1	BGD-DHAKA	Dhaka	2019-11-28	17.39	28.34	0.0
1	BGD-DHAKA	Dhaka	2019-11-29	17.78	27.76	0.0
1	BGD-DHAKA	Dhaka	2019-11-30	17.63	26.95	0.0
1	BGD-DHAKA	Dhaka	2019-12-01	16.54	25.61	0.0
1	BGD-DHAKA	Dhaka	2019-12-02	15.34	24.76	0.0
1	BGD-DHAKA	Dhaka	2019-12-03	14.55	24.3	0.0
1	BGD-DHAKA	Dhaka	2019-12-04	14.19	25.16	0.0
1	BGD-DHAKA	Dhaka	2019-12-05	14.46	27.2	0.0
1	BGD-DHAKA	Dhaka	2019-12-06	15.42	26.91	0.0
1	BGD-DHAKA	Dhaka	2019-12-07	14.79	25.66	0.0
1	BGD-DHAKA	Dhaka	2019-12-08	17.15	26.18	0.0
1	BGD-DHAKA	Dhaka	2019-12-09	17.04	25.44	0.0
1	BGD-DHAKA	Dhaka	2019-12-10	16.05	24.41	0.0
1	BGD-DHAKA	Dhaka	2019-12-11	14.7	24.3	0.0
1	BGD-DHAKA	Dhaka	2019-12-12	15.39	23.86	0.0
1	BGD-DHAKA	Dhaka	2019-12-13	14.0	24.29	0.0
1	BGD-DHAKA	Dhaka	2019-12-14	13.68	25.42	0.0
1	BGD-DHAKA	Dhaka	2019-12-15	14.58	24.49	0.0
1	BGD-DHAKA	Dhaka	2019-12-16	14.92	23.97	0.0
1	BGD-DHAKA	Dhaka	2019-12-17	13.53	23.88	0.0
1	BGD-DHAKA	Dhaka	2019-12-18	12.48	21.79	0.0
1	BGD-DHAKA	Dhaka	2019-12-19	9.88	20.97	0.0
1	BGD-DHAKA	Dhaka	2019-12-20	9.42	20.69	0.0
1	BGD-DHAKA	Dhaka	2019-12-21	10.34	19.74	0.0
1	BGD-DHAKA	Dhaka	2019-12-22	9.62	20.4	0.0
1	BGD-DHAKA	Dhaka	2019-12-23	10.71	21.63	0.0
1	BGD-DHAKA	Dhaka	2019-12-24	9.81	21.89	0.0
1	BGD-DHAKA	Dhaka	2019-12-25	9.31	21.38	0.0
1	BGD-DHAKA	Dhaka	2019-12-26	11.13	22.83	0.42
1	BGD-DHAKA	Dhaka	2019-12-27	11.28	17.99	10.84
1	BGD-DHAKA	Dhaka	2019-12-28	8.36	21.12	0.44
1	BGD-DHAKA	Dhaka	2019-12-29	8.73	23.2	0.1
1	BGD-DHAKA	Dhaka	2019-12-30	9.88	23.75	0.0
1	BGD-DHAKA	Dhaka	2019-12-31	12.86	24.52	0.0
1	BGD-DHAKA	Dhaka	2020-01-01	15.21	25.99	0.0
1	BGD-DHAKA	Dhaka	2020-01-02	14.54	26.18	0.01
1	BGD-DHAKA	Dhaka	2020-01-03	15.47	20.27	36.36
1	BGD-DHAKA	Dhaka	2020-01-04	14.16	23.11	2.04
1	BGD-DHAKA	Dhaka	2020-01-05	13.18	21.81	6.46
1	BGD-DHAKA	Dhaka	2020-01-06	9.38	20.31	0.07
1	BGD-DHAKA	Dhaka	2020-01-07	8.39	21.51	0.14
1	BGD-DHAKA	Dhaka	2020-01-08	10.49	21.46	0.0
1	BGD-DHAKA	Dhaka	2020-01-09	11.65	21.27	0.86
1	BGD-DHAKA	Dhaka	2020-01-10	12.27	22.04	0.36
1	BGD-DHAKA	Dhaka	2020-01-11	10.15	20.77	0.51
1	BGD-DHAKA	Dhaka	2020-01-12	10.12	22.03	0.0
1	BGD-DHAKA	Dhaka	2020-01-13	9.31	21.88	0.0
1	BGD-DHAKA	Dhaka	2020-01-14	10.07	22.25	0.0
1	BGD-DHAKA	Dhaka	2020-01-15	11.92	23.25	0.0
1	BGD-DHAKA	Dhaka	2020-01-16	12.14	25.27	0.0
1	BGD-DHAKA	Dhaka	2020-01-17	13.34	26.6	0.0
1	BGD-DHAKA	Dhaka	2020-01-18	14.88	27.28	0.0
1	BGD-DHAKA	Dhaka	2020-01-19	15.3	26.31	0.0
1	BGD-DHAKA	Dhaka	2020-01-20	12.31	21.81	0.0
1	BGD-DHAKA	Dhaka	2020-01-21	9.2	21.02	0.0
1	BGD-DHAKA	Dhaka	2020-01-22	8.77	21.7	0.0
1	BGD-DHAKA	Dhaka	2020-01-23	10.96	22.52	0.0
1	BGD-DHAKA	Dhaka	2020-01-24	10.74	21.7	0.0
1	BGD-DHAKA	Dhaka	2020-01-25	9.79	22.25	0.0
1	BGD-DHAKA	Dhaka	2020-01-26	10.09	21.26	0.0
1	BGD-DHAKA	Dhaka	2020-01-27	10.18	21.34	0.0
1	BGD-DHAKA	Dhaka	2020-01-28	10.17	23.24	0.0
1	BGD-DHAKA	Dhaka	2020-01-29	13.6	22.28	0.28
1	BGD-DHAKA	Dhaka	2020-01-30	12.28	23.95	0.27
1	BGD-DHAKA	Dhaka	2020-01-31	13.92	23.84	1.45
1	BGD-DHAKA	Dhaka	2020-02-01	11.18	23.38	0.0
1	BGD-DHAKA	Dhaka	2020-02-02	10.6	22.89	0.0
1	BGD-DHAKA	Dhaka	2020-02-03	9.87	21.71	0.0
1	BGD-DHAKA	Dhaka	2020-02-04	8.73	23.02	0.0
1	BGD-DHAKA	Dhaka	2020-02-05	10.16	23.26	0.0
1	BGD-DHAKA	Dhaka	2020-02-06	11.32	24.46	0.0
1	BGD-DHAKA	Dhaka	2020-02-07	11.06	24.53	0.0
1	BGD-DHAKA	Dhaka	2020-02-08	11.21	24.82	0.01
1	BGD-DHAKA	Dhaka	2020-02-09	13.43	25.76	0.03
1	BGD-DHAKA	Dhaka	2020-02-10	9.23	24.39	0.09
1	BGD-DHAKA	Dhaka	2020-02-11	10.12	24.63	0.0
1	BGD-DHAKA	Dhaka	2020-02-12	9.49	24.95	0.0
1	BGD-DHAKA	Dhaka	2020-02-13	10.55	25.46	0.0
1	BGD-DHAKA	Dhaka	2020-02-14	12.19	25.86	0.0
1	BGD-DHAKA	Dhaka	2020-02-15	13.76	26.85	0.0
1	BGD-DHAKA	Dhaka	2020-02-16	14.88	27.36	0.0
1	BGD-DHAKA	Dhaka	2020-02-17	14.83	27.6	0.0
1	BGD-DHAKA	Dhaka	2020-02-18	14.72	28.03	0.0
1	BGD-DHAKA	Dhaka	2020-02-19	15.57	27.99	0.0
1	BGD-DHAKA	Dhaka	2020-02-20	15.76	28.46	0.0
1	BGD-DHAKA	Dhaka	2020-02-21	14.43	29.58	0.0
1	BGD-DHAKA	Dhaka	2020-02-22	17.35	30.15	0.0
1	BGD-DHAKA	Dhaka	2020-02-23	18.9	30.59	0.0
1	BGD-DHAKA	Dhaka	2020-02-24	18.51	29.61	0.02
1	BGD-DHAKA	Dhaka	2020-02-25	17.86	27.39	0.98
1	BGD-DHAKA	Dhaka	2020-02-26	17.65	26.4	1.21
1	BGD-DHAKA	Dhaka	2020-02-27	16.09	27.21	0.38
1	BGD-DHAKA	Dhaka	2020-02-28	15.55	28.94	0.0
1	BGD-DHAKA	Dhaka	2020-02-29	16.66	30.19	0.0
1	BGD-DHAKA	Dhaka	2020-03-01	17.58	30.65	0.0
1	BGD-DHAKA	Dhaka	2020-03-02	17.66	30.59	0.26
1	BGD-DHAKA	Dhaka	2020-03-03	18.64	29.84	12.12
1	BGD-DHAKA	Dhaka	2020-03-04	18.5	28.54	16.52
1	BGD-DHAKA	Dhaka	2020-03-05	18.4	29.22	2.51
1	BGD-DHAKA	Dhaka	2020-03-06	18.74	28.41	11.52
1	BGD-DHAKA	Dhaka	2020-03-07	18.06	28.76	3.36
1	BGD-DHAKA	Dhaka	2020-03-08	19.95	29.42	1.66
1	BGD-DHAKA	Dhaka	2020-03-09	18.41	29.31	0.0
1	BGD-DHAKA	Dhaka	2020-03-10	18.45	29.92	0.09
1	BGD-DHAKA	Dhaka	2020-03-11	17.15	30.4	0.0
1	BGD-DHAKA	Dhaka	2020-03-12	18.32	33.04	0.0
1	BGD-DHAKA	Dhaka	2020-03-13	19.38	34.15	0.0
1	BGD-DHAKA	Dhaka	2020-03-14	20.11	33.56	0.0
1	BGD-DHAKA	Dhaka	2020-03-15	18.02	32.97	0.01
1	BGD-DHAKA	Dhaka	2020-03-16	18.7	32.86	0.0
1	BGD-DHAKA	Dhaka	2020-03-17	18.31	31.7	0.0
1	BGD-DHAKA	Dhaka	2020-03-18	18.92	32.27	0.0
1	BGD-DHAKA	Dhaka	2020-03-19	18.43	33.31	0.0
1	BGD-DHAKA	Dhaka	2020-03-20	18.73	32.21	0.54
1	BGD-DHAKA	Dhaka	2020-03-21	18.96	32.93	0.02
1	BGD-DHAKA	Dhaka	2020-03-22	21.21	30.56	7.08
1	BGD-DHAKA	Dhaka	2020-03-23	18.22	31.02	0.24
1	BGD-DHAKA	Dhaka	2020-03-24	19.55	31.99	0.14
1	BGD-DHAKA	Dhaka	2020-03-25	20.8	33.71	0.22
1	BGD-DHAKA	Dhaka	2020-03-26	21.95	34.68	0.0
1	BGD-DHAKA	Dhaka	2020-03-27	21.01	36.01	0.0
1	BGD-DHAKA	Dhaka	2020-03-28	21.86	37.22	0.0
1	BGD-DHAKA	Dhaka	2020-03-29	23.04	37.03	0.0
1	BGD-DHAKA	Dhaka	2020-03-30	21.7	36.49	0.0
1	BGD-DHAKA	Dhaka	2020-03-31	20.03	36.25	0.0
1	BGD-DHAKA	Dhaka	2020-04-01	22.16	36.72	0.0
1	BGD-DHAKA	Dhaka	2020-04-02	21.82	37.55	0.19
1	BGD-DHAKA	Dhaka	2020-04-03	23.91	36.17	6.03
1	BGD-DHAKA	Dhaka	2020-04-04	22.83	35.69	5.54
1	BGD-DHAKA	Dhaka	2020-04-05	22.72	35.53	3.57
1	BGD-DHAKA	Dhaka	2020-04-06	21.8	36.08	2.8
1	BGD-DHAKA	Dhaka	2020-04-07	22.36	37.42	3.03
1	BGD-DHAKA	Dhaka	2020-04-08	24.34	37.79	0.04
1	BGD-DHAKA	Dhaka	2020-04-09	22.93	36.21	0.05
1	BGD-DHAKA	Dhaka	2020-04-10	22.51	37.48	0.0
1	BGD-DHAKA	Dhaka	2020-04-11	23.7	36.79	4.83
1	BGD-DHAKA	Dhaka	2020-04-12	22.56	35.46	2.99
1	BGD-DHAKA	Dhaka	2020-04-13	22.31	35.75	7.7
1	BGD-DHAKA	Dhaka	2020-04-14	23.31	37.95	0.25
1	BGD-DHAKA	Dhaka	2020-04-15	24.25	34.57	9.77
1	BGD-DHAKA	Dhaka	2020-04-16	23.55	33.16	10.76
1	BGD-DHAKA	Dhaka	2020-04-17	23.86	35.36	15.91
1	BGD-DHAKA	Dhaka	2020-04-18	24.18	33.86	11.31
1	BGD-DHAKA	Dhaka	2020-04-19	24.65	35.26	8.8
1	BGD-DHAKA	Dhaka	2020-04-20	24.37	33.71	15.31
1	BGD-DHAKA	Dhaka	2020-04-21	22.87	32.79	16.87
1	BGD-DHAKA	Dhaka	2020-04-22	21.49	31.35	2.7
1	BGD-DHAKA	Dhaka	2020-04-23	22.81	31.81	11.8
1	BGD-DHAKA	Dhaka	2020-04-24	22.32	29.72	30.21
1	BGD-DHAKA	Dhaka	2020-04-25	22.63	31.46	13.68
1	BGD-DHAKA	Dhaka	2020-04-26	23.05	30.26	13.83
1	BGD-DHAKA	Dhaka	2020-04-27	22.82	29.8	17.08
1	BGD-DHAKA	Dhaka	2020-04-28	23.13	29.47	18.95
1	BGD-DHAKA	Dhaka	2020-04-29	22.34	29.74	15.31
1	BGD-DHAKA	Dhaka	2020-04-30	22.94	31.44	9.49
1	BGD-DHAKA	Dhaka	2020-05-01	23.06	30.56	11.2
1	BGD-DHAKA	Dhaka	2020-05-02	23.44	31.0	9.36
1	BGD-DHAKA	Dhaka	2020-05-03	23.12	30.68	21.06
1	BGD-DHAKA	Dhaka	2020-05-04	23.5	31.61	10.62
1	BGD-DHAKA	Dhaka	2020-05-05	24.24	32.73	7.67
1	BGD-DHAKA	Dhaka	2020-05-06	25.58	31.62	35.46
1	BGD-DHAKA	Dhaka	2020-05-07	22.94	32.06	9.78
1	BGD-DHAKA	Dhaka	2020-05-08	23.28	31.9	5.72
1	BGD-DHAKA	Dhaka	2020-05-09	23.52	32.4	19.35
1	BGD-DHAKA	Dhaka	2020-05-10	25.0	33.08	14.11
1	BGD-DHAKA	Dhaka	2020-05-11	26.99	33.04	2.87
1	BGD-DHAKA	Dhaka	2020-05-12	25.72	33.15	0.82
1	BGD-DHAKA	Dhaka	2020-05-13	25.1	32.49	1.16
1	BGD-DHAKA	Dhaka	2020-05-14	24.87	32.57	12.73
1	BGD-DHAKA	Dhaka	2020-05-15	25.62	32.47	14.47
1	BGD-DHAKA	Dhaka	2020-05-16	25.5	33.2	12.67
1	BGD-DHAKA	Dhaka	2020-05-17	25.62	33.53	24.8
1	BGD-DHAKA	Dhaka	2020-05-18	25.95	33.64	0.28
1	BGD-DHAKA	Dhaka	2020-05-19	25.36	31.84	2.42
1	BGD-DHAKA	Dhaka	2020-05-20	23.01	32.08	21.68
1	BGD-DHAKA	Dhaka	2020-05-21	25.95	30.05	60.63
1	BGD-DHAKA	Dhaka	2020-05-22	25.49	31.88	9.52
1	BGD-DHAKA	Dhaka	2020-05-23	25.78	33.35	2.06
1	BGD-DHAKA	Dhaka	2020-05-24	26.16	32.96	27.86
1	BGD-DHAKA	Dhaka	2020-05-25	26.5	32.8	17.57
1	BGD-DHAKA	Dhaka	2020-05-26	26.37	32.09	9.68
1	BGD-DHAKA	Dhaka	2020-05-27	25.97	31.42	81.13
1	BGD-DHAKA	Dhaka	2020-05-28	25.25	30.83	25.33
1	BGD-DHAKA	Dhaka	2020-05-29	25.08	30.94	22.72
1	BGD-DHAKA	Dhaka	2020-05-30	25.06	31.6	18.75
1	BGD-DHAKA	Dhaka	2020-05-31	25.53	31.15	7.06
1	BGD-DHAKA	Dhaka	2020-06-01	25.66	30.48	8.94
1	BGD-DHAKA	Dhaka	2020-06-02	25.82	30.55	9.58
1	BGD-DHAKA	Dhaka	2020-06-03	25.84	30.4	8.58
1	BGD-DHAKA	Dhaka	2020-06-04	25.84	31.22	37.22
1	BGD-DHAKA	Dhaka	2020-06-05	25.95	29.77	22.0
1	BGD-DHAKA	Dhaka	2020-06-06	26.73	29.38	17.32
1	BGD-DHAKA	Dhaka	2020-06-07	26.15	32.06	15.39
1	BGD-DHAKA	Dhaka	2020-06-08	26.26	31.08	18.42
1	BGD-DHAKA	Dhaka	2020-06-09	26.33	32.01	6.34
1	BGD-DHAKA	Dhaka	2020-06-10	26.51	30.19	19.79
1	BGD-DHAKA	Dhaka	2020-06-11	26.34	29.5	12.56
1	BGD-DHAKA	Dhaka	2020-06-12	26.15	31.2	6.4
1	BGD-DHAKA	Dhaka	2020-06-13	26.96	29.8	46.03
1	BGD-DHAKA	Dhaka	2020-06-14	26.54	31.11	8.6
1	BGD-DHAKA	Dhaka	2020-06-15	26.48	31.82	6.76
1	BGD-DHAKA	Dhaka	2020-06-16	26.9	31.07	14.86
1	BGD-DHAKA	Dhaka	2020-06-17	26.41	29.36	39.09
1	BGD-DHAKA	Dhaka	2020-06-18	26.32	30.05	18.54
1	BGD-DHAKA	Dhaka	2020-06-19	26.21	31.8	17.76
1	BGD-DHAKA	Dhaka	2020-06-20	26.47	30.98	20.66
1	BGD-DHAKA	Dhaka	2020-06-21	26.16	30.97	8.25
1	BGD-DHAKA	Dhaka	2020-06-22	25.79	30.78	3.84
1	BGD-DHAKA	Dhaka	2020-06-23	26.18	31.99	6.27
1	BGD-DHAKA	Dhaka	2020-06-24	26.44	31.98	6.34
1	BGD-DHAKA	Dhaka	2020-06-25	26.83	31.67	3.02
1	BGD-DHAKA	Dhaka	2020-06-26	26.99	29.91	14.3
1	BGD-DHAKA	Dhaka	2020-06-27	26.9	30.91	27.2
1	BGD-DHAKA	Dhaka	2020-06-28	26.41	29.47	8.09
1	BGD-DHAKA	Dhaka	2020-06-29	25.78	31.85	8.9
1	BGD-DHAKA	Dhaka	2020-06-30	26.36	31.95	4.71
1	BGD-DHAKA	Dhaka	2020-07-01	26.95	31.14	7.29
1	BGD-DHAKA	Dhaka	2020-07-02	27.0	31.13	3.51
1	BGD-DHAKA	Dhaka	2020-07-03	26.64	32.01	2.88
1	BGD-DHAKA	Dhaka	2020-07-04	27.05	32.32	10.74
1	BGD-DHAKA	Dhaka	2020-07-05	27.1	30.46	9.05
1	BGD-DHAKA	Dhaka	2020-07-06	27.24	30.77	5.75
1	BGD-DHAKA	Dhaka	2020-07-07	26.61	32.03	7.47
1	BGD-DHAKA	Dhaka	2020-07-08	27.05	31.99	4.12
1	BGD-DHAKA	Dhaka	2020-07-09	27.04	31.34	21.92
1	BGD-DHAKA	Dhaka	2020-07-10	27.25	31.36	23.38
1	BGD-DHAKA	Dhaka	2020-07-11	27.21	29.77	35.79
1	BGD-DHAKA	Dhaka	2020-07-12	26.65	30.93	27.66
1	BGD-DHAKA	Dhaka	2020-07-13	26.61	32.2	7.71
1	BGD-DHAKA	Dhaka	2020-07-14	26.19	31.18	14.39
1	BGD-DHAKA	Dhaka	2020-07-15	26.14	32.35	6.67
1	BGD-DHAKA	Dhaka	2020-07-16	26.4	32.0	5.09
1	BGD-DHAKA	Dhaka	2020-07-17	26.48	31.85	3.98
1	BGD-DHAKA	Dhaka	2020-07-18	26.93	30.51	11.26
1	BGD-DHAKA	Dhaka	2020-07-19	26.58	31.58	26.36
1	BGD-DHAKA	Dhaka	2020-07-20	26.65	29.48	40.62
1	BGD-DHAKA	Dhaka	2020-07-21	26.73	29.62	43.43
1	BGD-DHAKA	Dhaka	2020-07-22	25.68	30.19	44.76
1	BGD-DHAKA	Dhaka	2020-07-23	25.59	30.52	14.82
1	BGD-DHAKA	Dhaka	2020-07-24	26.32	30.65	8.24
1	BGD-DHAKA	Dhaka	2020-07-25	25.72	31.88	2.0
1	BGD-DHAKA	Dhaka	2020-07-26	26.39	32.37	1.88
1	BGD-DHAKA	Dhaka	2020-07-27	26.82	30.79	13.05
1	BGD-DHAKA	Dhaka	2020-07-28	26.49	31.43	22.21
1	BGD-DHAKA	Dhaka	2020-07-29	26.47	31.52	21.86
1	BGD-DHAKA	Dhaka	2020-07-30	26.41	30.66	1.94
1	BGD-DHAKA	Dhaka	2020-07-31	26.71	32.19	2.06
1	BGD-DHAKA	Dhaka	2020-08-01	26.71	32.91	3.95
1	BGD-DHAKA	Dhaka	2020-08-02	27.61	31.91	7.03
1	BGD-DHAKA	Dhaka	2020-08-03	27.74	33.84	6.27
1	BGD-DHAKA	Dhaka	2020-08-04	26.45	32.51	15.06
1	BGD-DHAKA	Dhaka	2020-08-05	26.83	32.47	8.66
1	BGD-DHAKA	Dhaka	2020-08-06	26.22	30.4	2.91
1	BGD-DHAKA	Dhaka	2020-08-07	27.1	31.88	7.27
1	BGD-DHAKA	Dhaka	2020-08-08	26.82	31.68	5.52
1	BGD-DHAKA	Dhaka	2020-08-09	26.57	31.0	4.03
1	BGD-DHAKA	Dhaka	2020-08-10	26.14	32.28	2.57
1	BGD-DHAKA	Dhaka	2020-08-11	26.74	31.48	9.89
1	BGD-DHAKA	Dhaka	2020-08-12	26.94	32.61	9.49
1	BGD-DHAKA	Dhaka	2020-08-13	26.77	32.25	2.7
1	BGD-DHAKA	Dhaka	2020-08-14	26.61	32.58	7.23
1	BGD-DHAKA	Dhaka	2020-08-15	25.48	31.32	17.75
1	BGD-DHAKA	Dhaka	2020-08-16	26.33	29.97	8.69
1	BGD-DHAKA	Dhaka	2020-08-17	26.08	30.96	17.93
1	BGD-DHAKA	Dhaka	2020-08-18	25.95	30.99	6.07
1	BGD-DHAKA	Dhaka	2020-08-19	26.07	29.9	3.43
1	BGD-DHAKA	Dhaka	2020-08-20	25.52	28.44	15.61
1	BGD-DHAKA	Dhaka	2020-08-21	25.44	28.78	9.86
1	BGD-DHAKA	Dhaka	2020-08-22	25.37	29.37	22.55
1	BGD-DHAKA	Dhaka	2020-08-23	25.21	30.53	10.9
1	BGD-DHAKA	Dhaka	2020-08-24	25.24	31.96	18.49
1	BGD-DHAKA	Dhaka	2020-08-25	25.87	29.9	11.19
1	BGD-DHAKA	Dhaka	2020-08-26	25.79	31.05	2.48
1	BGD-DHAKA	Dhaka	2020-08-27	25.76	29.67	7.07
1	BGD-DHAKA	Dhaka	2020-08-28	25.43	31.35	15.41
1	BGD-DHAKA	Dhaka	2020-08-29	26.11	31.7	9.9
1	BGD-DHAKA	Dhaka	2020-08-30	26.32	31.95	5.4
1	BGD-DHAKA	Dhaka	2020-08-31	26.69	31.23	7.89
1	BGD-DHAKA	Dhaka	2020-09-01	25.98	30.08	27.17
1	BGD-DHAKA	Dhaka	2020-09-02	24.94	31.48	25.83
1	BGD-DHAKA	Dhaka	2020-09-03	25.11	32.5	3.94
1	BGD-DHAKA	Dhaka	2020-09-04	25.73	32.84	3.84
1	BGD-DHAKA	Dhaka	2020-09-05	26.72	32.36	1.09
1	BGD-DHAKA	Dhaka	2020-09-06	26.56	31.48	2.3
1	BGD-DHAKA	Dhaka	2020-09-07	26.22	31.36	7.08
1	BGD-DHAKA	Dhaka	2020-09-08	25.89	31.19	8.08
1	BGD-DHAKA	Dhaka	2020-09-09	25.89	32.48	2.43
1	BGD-DHAKA	Dhaka	2020-09-10	26.91	31.33	16.03
1	BGD-DHAKA	Dhaka	2020-09-11	26.34	30.58	16.02
1	BGD-DHAKA	Dhaka	2020-09-12	26.21	31.55	11.23
1	BGD-DHAKA	Dhaka	2020-09-13	26.5	31.27	17.49
1	BGD-DHAKA	Dhaka	2020-09-14	25.96	31.08	7.48
1	BGD-DHAKA	Dhaka	2020-09-15	25.96	31.18	8.84
1	BGD-DHAKA	Dhaka	2020-09-16	26.51	30.05	5.43
1	BGD-DHAKA	Dhaka	2020-09-17	26.31	30.88	15.8
1	BGD-DHAKA	Dhaka	2020-09-18	25.89	32.88	1.86
1	BGD-DHAKA	Dhaka	2020-09-19	26.33	33.46	2.71
1	BGD-DHAKA	Dhaka	2020-09-20	27.27	33.74	1.31
1	BGD-DHAKA	Dhaka	2020-09-21	25.96	31.03	24.0
1	BGD-DHAKA	Dhaka	2020-09-22	26.7	29.49	19.91
1	BGD-DHAKA	Dhaka	2020-09-23	26.77	29.48	23.82
1	BGD-DHAKA	Dhaka	2020-09-24	26.48	29.19	19.75
1	BGD-DHAKA	Dhaka	2020-09-25	26.39	29.55	42.74
1	BGD-DHAKA	Dhaka	2020-09-26	26.32	29.91	37.56
1	BGD-DHAKA	Dhaka	2020-09-27	25.84	30.41	8.04
1	BGD-DHAKA	Dhaka	2020-09-28	25.44	31.5	1.64
1	BGD-DHAKA	Dhaka	2020-09-29	25.84	31.46	0.22
1	BGD-DHAKA	Dhaka	2020-09-30	26.6	31.26	1.32
1	BGD-DHAKA	Dhaka	2020-10-01	26.13	30.69	12.65
1	BGD-DHAKA	Dhaka	2020-10-02	25.74	30.51	23.13
1	BGD-DHAKA	Dhaka	2020-10-03	25.93	31.12	11.26
1	BGD-DHAKA	Dhaka	2020-10-04	25.79	30.22	8.56
1	BGD-DHAKA	Dhaka	2020-10-05	25.56	30.01	11.21
1	BGD-DHAKA	Dhaka	2020-10-06	25.18	28.93	48.94
1	BGD-DHAKA	Dhaka	2020-10-07	24.09	30.6	16.34
1	BGD-DHAKA	Dhaka	2020-10-08	24.31	32.11	17.85
1	BGD-DHAKA	Dhaka	2020-10-09	25.51	32.82	0.5
1	BGD-DHAKA	Dhaka	2020-10-10	25.99	32.46	0.07
1	BGD-DHAKA	Dhaka	2020-10-11	26.15	32.9	3.34
1	BGD-DHAKA	Dhaka	2020-10-12	25.43	32.81	8.7
1	BGD-DHAKA	Dhaka	2020-10-13	26.16	32.74	6.19
1	BGD-DHAKA	Dhaka	2020-10-14	26.43	32.43	6.39
1	BGD-DHAKA	Dhaka	2020-10-15	26.48	33.26	0.42
1	BGD-DHAKA	Dhaka	2020-10-16	26.7	33.05	0.13
1	BGD-DHAKA	Dhaka	2020-10-17	25.77	33.04	0.19
1	BGD-DHAKA	Dhaka	2020-10-18	25.7	31.09	1.83
1	BGD-DHAKA	Dhaka	2020-10-19	24.96	31.63	0.64
1	BGD-DHAKA	Dhaka	2020-10-20	24.58	31.85	2.47
1	BGD-DHAKA	Dhaka	2020-10-21	24.76	28.14	26.17
1	BGD-DHAKA	Dhaka	2020-10-22	24.06	26.98	39.07
1	BGD-DHAKA	Dhaka	2020-10-23	23.52	28.17	106.48
1	BGD-DHAKA	Dhaka	2020-10-24	24.41	29.29	5.38
1	BGD-DHAKA	Dhaka	2020-10-25	23.46	29.55	3.52
1	BGD-DHAKA	Dhaka	2020-10-26	22.79	30.29	0.83
1	BGD-DHAKA	Dhaka	2020-10-27	22.52	29.95	0.0
1	BGD-DHAKA	Dhaka	2020-10-28	21.66	30.51	0.0
1	BGD-DHAKA	Dhaka	2020-10-29	23.17	31.58	0.52
1	BGD-DHAKA	Dhaka	2020-10-30	23.77	31.71	1.42
1	BGD-DHAKA	Dhaka	2020-10-31	24.28	27.86	29.7
1	BGD-DHAKA	Dhaka	2020-11-01	23.65	27.99	17.98
1	BGD-DHAKA	Dhaka	2020-11-02	23.11	29.86	9.95
1	BGD-DHAKA	Dhaka	2020-11-03	24.53	30.51	3.25
1	BGD-DHAKA	Dhaka	2020-11-04	20.95	28.2	0.61
1	BGD-DHAKA	Dhaka	2020-11-05	18.51	29.16	0.01
1	BGD-DHAKA	Dhaka	2020-11-06	16.26	26.29	0.0
1	BGD-DHAKA	Dhaka	2020-11-07	15.16	28.03	0.0
1	BGD-DHAKA	Dhaka	2020-11-08	18.13	29.04	0.0
1	BGD-DHAKA	Dhaka	2020-11-09	19.47	29.15	0.0
1	BGD-DHAKA	Dhaka	2020-11-10	19.1	28.75	0.0
1	BGD-DHAKA	Dhaka	2020-11-11	18.85	28.99	0.0
1	BGD-DHAKA	Dhaka	2020-11-12	19.65	30.15	0.0
1	BGD-DHAKA	Dhaka	2020-11-13	20.26	30.08	0.0
1	BGD-DHAKA	Dhaka	2020-11-14	20.25	29.37	0.0
1	BGD-DHAKA	Dhaka	2020-11-15	18.67	28.73	0.0
1	BGD-DHAKA	Dhaka	2020-11-16	19.66	28.61	0.0
1	BGD-DHAKA	Dhaka	2020-11-17	19.83	27.26	0.0
1	BGD-DHAKA	Dhaka	2020-11-18	18.67	27.19	0.0
1	BGD-DHAKA	Dhaka	2020-11-19	17.41	26.64	0.0
1	BGD-DHAKA	Dhaka	2020-11-20	18.13	27.6	0.43
1	BGD-DHAKA	Dhaka	2020-11-21	19.11	27.35	4.62
1	BGD-DHAKA	Dhaka	2020-11-22	16.13	24.99	1.13
1	BGD-DHAKA	Dhaka	2020-11-23	12.62	23.91	0.07
1	BGD-DHAKA	Dhaka	2020-11-24	13.34	25.07	0.0
1	BGD-DHAKA	Dhaka	2020-11-25	14.49	26.19	0.0
1	BGD-DHAKA	Dhaka	2020-11-26	16.28	26.19	0.0
1	BGD-DHAKA	Dhaka	2020-11-27	16.43	26.24	0.0
1	BGD-DHAKA	Dhaka	2020-11-28	16.46	26.86	0.0
1	BGD-DHAKA	Dhaka	2020-11-29	15.63	27.29	0.0
1	BGD-DHAKA	Dhaka	2020-11-30	14.83	26.84	0.0
1	BGD-DHAKA	Dhaka	2020-12-01	16.05	26.91	0.0
1	BGD-DHAKA	Dhaka	2020-12-02	16.89	26.32	0.0
1	BGD-DHAKA	Dhaka	2020-12-03	17.14	25.93	0.0
1	BGD-DHAKA	Dhaka	2020-12-04	16.44	25.46	0.0
1	BGD-DHAKA	Dhaka	2020-12-05	16.55	24.81	0.0
1	BGD-DHAKA	Dhaka	2020-12-06	15.54	25.18	0.0
1	BGD-DHAKA	Dhaka	2020-12-07	15.22	24.83	0.0
1	BGD-DHAKA	Dhaka	2020-12-08	15.3	24.26	0.0
1	BGD-DHAKA	Dhaka	2020-12-09	16.01	24.11	0.0
1	BGD-DHAKA	Dhaka	2020-12-10	15.9	23.85	0.0
1	BGD-DHAKA	Dhaka	2020-12-11	14.85	23.34	0.02
1	BGD-DHAKA	Dhaka	2020-12-12	14.5	22.81	0.0
1	BGD-DHAKA	Dhaka	2020-12-13	14.95	24.06	0.0
1	BGD-DHAKA	Dhaka	2020-12-14	14.29	24.04	0.0
1	BGD-DHAKA	Dhaka	2020-12-15	13.47	23.54	0.0
1	BGD-DHAKA	Dhaka	2020-12-16	14.63	23.95	0.0
1	BGD-DHAKA	Dhaka	2020-12-17	13.42	23.67	0.0
1	BGD-DHAKA	Dhaka	2020-12-18	12.54	22.1	0.0
1	BGD-DHAKA	Dhaka	2020-12-19	9.26	20.22	0.0
1	BGD-DHAKA	Dhaka	2020-12-20	7.72	21.11	0.0
1	BGD-DHAKA	Dhaka	2020-12-21	10.31	22.46	0.0
1	BGD-DHAKA	Dhaka	2020-12-22	12.69	22.82	0.0
1	BGD-DHAKA	Dhaka	2020-12-23	11.97	22.97	1.97
1	BGD-DHAKA	Dhaka	2020-12-24	12.65	23.41	0.0
1	BGD-DHAKA	Dhaka	2020-12-25	12.67	23.54	0.0
1	BGD-DHAKA	Dhaka	2020-12-26	11.01	22.89	0.0
1	BGD-DHAKA	Dhaka	2020-12-27	10.12	22.22	0.0
1	BGD-DHAKA	Dhaka	2020-12-28	11.09	22.58	0.0
1	BGD-DHAKA	Dhaka	2020-12-29	11.09	22.31	0.0
1	BGD-DHAKA	Dhaka	2020-12-30	10.94	23.35	0.0
1	BGD-DHAKA	Dhaka	2020-12-31	11.08	23.47	0.0
2	BGD-KHULNA	Khulna	2019-01-01	9.39	26.63	0.0
2	BGD-KHULNA	Khulna	2019-01-02	10.28	26.49	0.0
2	BGD-KHULNA	Khulna	2019-01-03	11.21	26.64	0.0
2	BGD-KHULNA	Khulna	2019-01-04	8.41	24.97	0.0
2	BGD-KHULNA	Khulna	2019-01-05	8.67	26.42	0.0
2	BGD-KHULNA	Khulna	2019-01-06	11.71	27.89	0.0
2	BGD-KHULNA	Khulna	2019-01-07	12.63	28.81	0.0
2	BGD-KHULNA	Khulna	2019-01-08	11.31	28.0	0.0
2	BGD-KHULNA	Khulna	2019-01-09	12.71	27.3	0.0
2	BGD-KHULNA	Khulna	2019-01-10	10.84	25.99	0.0
2	BGD-KHULNA	Khulna	2019-01-11	10.39	25.53	0.0
2	BGD-KHULNA	Khulna	2019-01-12	9.71	26.41	0.0
2	BGD-KHULNA	Khulna	2019-01-13	11.06	27.87	0.0
2	BGD-KHULNA	Khulna	2019-01-14	10.44	26.91	0.0
2	BGD-KHULNA	Khulna	2019-01-15	11.54	26.29	0.0
2	BGD-KHULNA	Khulna	2019-01-16	8.86	26.35	0.0
2	BGD-KHULNA	Khulna	2019-01-17	9.09	27.26	0.0
2	BGD-KHULNA	Khulna	2019-01-18	9.36	27.04	0.0
2	BGD-KHULNA	Khulna	2019-01-19	9.03	26.81	0.0
2	BGD-KHULNA	Khulna	2019-01-20	11.0	26.61	0.0
2	BGD-KHULNA	Khulna	2019-01-21	11.75	27.71	0.0
2	BGD-KHULNA	Khulna	2019-01-22	13.75	29.29	0.0
2	BGD-KHULNA	Khulna	2019-01-23	15.07	30.0	0.0
2	BGD-KHULNA	Khulna	2019-01-24	14.48	30.75	0.0
2	BGD-KHULNA	Khulna	2019-01-25	14.14	29.96	0.0
2	BGD-KHULNA	Khulna	2019-01-26	14.21	31.11	0.0
2	BGD-KHULNA	Khulna	2019-01-27	14.42	29.0	0.0
2	BGD-KHULNA	Khulna	2019-01-28	16.2	29.19	0.0
2	BGD-KHULNA	Khulna	2019-01-29	14.14	27.47	0.0
2	BGD-KHULNA	Khulna	2019-01-30	8.43	26.19	0.0
2	BGD-KHULNA	Khulna	2019-01-31	9.95	27.96	0.0
2	BGD-KHULNA	Khulna	2019-02-01	11.81	29.96	0.0
2	BGD-KHULNA	Khulna	2019-02-02	12.36	29.66	0.0
2	BGD-KHULNA	Khulna	2019-02-03	13.47	30.22	0.0
2	BGD-KHULNA	Khulna	2019-02-04	14.69	30.0	0.0
2	BGD-KHULNA	Khulna	2019-02-05	13.57	30.27	0.0
2	BGD-KHULNA	Khulna	2019-02-06	14.58	29.85	0.0
2	BGD-KHULNA	Khulna	2019-02-07	15.16	31.87	0.0
2	BGD-KHULNA	Khulna	2019-02-08	15.89	32.4	0.0
2	BGD-KHULNA	Khulna	2019-02-09	17.07	31.17	0.73
2	BGD-KHULNA	Khulna	2019-02-10	14.32	28.68	0.0
2	BGD-KHULNA	Khulna	2019-02-11	10.99	28.63	0.0
2	BGD-KHULNA	Khulna	2019-02-12	12.31	30.11	0.0
2	BGD-KHULNA	Khulna	2019-02-13	13.04	31.08	0.0
2	BGD-KHULNA	Khulna	2019-02-14	14.01	33.27	0.0
2	BGD-KHULNA	Khulna	2019-02-15	15.02	34.11	0.0
2	BGD-KHULNA	Khulna	2019-02-16	17.05	30.34	0.14
2	BGD-KHULNA	Khulna	2019-02-17	17.45	30.28	1.25
2	BGD-KHULNA	Khulna	2019-02-18	15.81	30.76	0.0
2	BGD-KHULNA	Khulna	2019-02-19	16.56	33.3	0.0
2	BGD-KHULNA	Khulna	2019-02-20	16.94	34.53	0.0
2	BGD-KHULNA	Khulna	2019-02-21	18.26	35.14	0.0
2	BGD-KHULNA	Khulna	2019-02-22	17.59	35.58	0.0
2	BGD-KHULNA	Khulna	2019-02-23	20.43	36.26	0.0
2	BGD-KHULNA	Khulna	2019-02-24	20.33	35.17	0.06
2	BGD-KHULNA	Khulna	2019-02-25	20.74	30.36	23.66
2	BGD-KHULNA	Khulna	2019-02-26	19.58	29.8	30.98
2	BGD-KHULNA	Khulna	2019-02-27	20.32	28.75	35.76
2	BGD-KHULNA	Khulna	2019-02-28	17.93	28.26	25.02
2	BGD-KHULNA	Khulna	2019-03-01	15.09	27.12	0.02
2	BGD-KHULNA	Khulna	2019-03-02	13.16	28.12	0.0
2	BGD-KHULNA	Khulna	2019-03-03	13.28	28.91	0.0
2	BGD-KHULNA	Khulna	2019-03-04	16.74	28.59	2.45
2	BGD-KHULNA	Khulna	2019-03-05	21.19	29.56	14.23
2	BGD-KHULNA	Khulna	2019-03-06	19.73	30.04	0.02
2	BGD-KHULNA	Khulna	2019-03-07	18.51	29.95	0.0
2	BGD-KHULNA	Khulna	2019-03-08	15.9	30.1	0.0
2	BGD-KHULNA	Khulna	2019-03-09	14.71	30.97	0.0
2	BGD-KHULNA	Khulna	2019-03-10	16.87	31.74	0.0
2	BGD-KHULNA	Khulna	2019-03-11	19.56	32.6	0.0
2	BGD-KHULNA	Khulna	2019-03-12	19.58	34.9	0.0
2	BGD-KHULNA	Khulna	2019-03-13	20.5	35.8	0.0
2	BGD-KHULNA	Khulna	2019-03-14	20.13	35.33	0.0
2	BGD-KHULNA	Khulna	2019-03-15	21.17	35.01	1.15
2	BGD-KHULNA	Khulna	2019-03-16	21.1	35.53	1.49
2	BGD-KHULNA	Khulna	2019-03-17	21.16	35.58	6.32
2	BGD-KHULNA	Khulna	2019-03-18	20.57	30.32	7.62
2	BGD-KHULNA	Khulna	2019-03-19	20.74	33.35	0.08
2	BGD-KHULNA	Khulna	2019-03-20	19.96	33.35	0.15
2	BGD-KHULNA	Khulna	2019-03-21	20.33	35.62	0.25
2	BGD-KHULNA	Khulna	2019-03-22	22.12	36.26	2.75
2	BGD-KHULNA	Khulna	2019-03-23	22.29	35.94	1.98
2	BGD-KHULNA	Khulna	2019-03-24	18.39	35.9	0.0
2	BGD-KHULNA	Khulna	2019-03-25	17.65	36.51	0.0
2	BGD-KHULNA	Khulna	2019-03-26	19.6	36.77	0.37
2	BGD-KHULNA	Khulna	2019-03-27	19.75	33.91	2.05
2	BGD-KHULNA	Khulna	2019-03-28	20.91	35.24	0.0
2	BGD-KHULNA	Khulna	2019-03-29	20.8	36.08	0.0
2	BGD-KHULNA	Khulna	2019-03-30	22.07	36.07	0.0
2	BGD-KHULNA	Khulna	2019-03-31	22.75	37.88	1.48
2	BGD-KHULNA	Khulna	2019-04-01	24.7	35.2	7.75
2	BGD-KHULNA	Khulna	2019-04-02	23.43	37.67	0.29
2	BGD-KHULNA	Khulna	2019-04-03	22.27	37.68	0.52
2	BGD-KHULNA	Khulna	2019-04-04	22.49	37.52	0.04
2	BGD-KHULNA	Khulna	2019-04-05	23.41	37.82	0.73
2	BGD-KHULNA	Khulna	2019-04-06	24.17	36.89	3.36
2	BGD-KHULNA	Khulna	2019-04-07	23.19	34.62	13.77
2	BGD-KHULNA	Khulna	2019-04-08	22.93	35.88	0.37
2	BGD-KHULNA	Khulna	2019-04-09	23.56	37.44	6.14
2	BGD-KHULNA	Khulna	2019-04-10	23.23	34.74	13.15
2	BGD-KHULNA	Khulna	2019-04-11	23.31	36.42	0.07
2	BGD-KHULNA	Khulna	2019-04-12	24.04	36.75	0.11
2	BGD-KHULNA	Khulna	2019-04-13	24.12	38.55	0.53
2	BGD-KHULNA	Khulna	2019-04-14	24.13	39.95	0.1
2	BGD-KHULNA	Khulna	2019-04-15	24.86	40.52	0.0
2	BGD-KHULNA	Khulna	2019-04-16	25.1	40.37	1.33
2	BGD-KHULNA	Khulna	2019-04-17	25.01	38.78	4.19
2	BGD-KHULNA	Khulna	2019-04-18	23.51	38.17	0.01
2	BGD-KHULNA	Khulna	2019-04-19	23.91	38.77	0.0
2	BGD-KHULNA	Khulna	2019-04-20	24.78	38.46	0.0
2	BGD-KHULNA	Khulna	2019-04-21	24.82	39.69	0.12
2	BGD-KHULNA	Khulna	2019-04-22	23.86	37.03	6.44
2	BGD-KHULNA	Khulna	2019-04-23	23.17	38.22	0.1
2	BGD-KHULNA	Khulna	2019-04-24	24.25	39.09	0.35
2	BGD-KHULNA	Khulna	2019-04-25	24.61	40.33	0.0
2	BGD-KHULNA	Khulna	2019-04-26	24.68	40.42	0.99
2	BGD-KHULNA	Khulna	2019-04-27	26.42	41.25	1.94
2	BGD-KHULNA	Khulna	2019-04-28	26.86	42.71	0.02
2	BGD-KHULNA	Khulna	2019-04-29	26.55	42.76	0.02
2	BGD-KHULNA	Khulna	2019-04-30	26.51	41.48	0.02
2	BGD-KHULNA	Khulna	2019-05-01	27.16	39.79	0.02
2	BGD-KHULNA	Khulna	2019-05-02	27.69	39.41	0.05
2	BGD-KHULNA	Khulna	2019-05-03	27.19	33.9	28.87
2	BGD-KHULNA	Khulna	2019-05-04	24.56	31.86	59.99
2	BGD-KHULNA	Khulna	2019-05-05	23.47	37.24	0.0
2	BGD-KHULNA	Khulna	2019-05-06	24.98	39.58	0.0
2	BGD-KHULNA	Khulna	2019-05-07	24.78	40.22	0.01
2	BGD-KHULNA	Khulna	2019-05-08	25.26	40.76	1.25
2	BGD-KHULNA	Khulna	2019-05-09	26.29	40.95	0.0
2	BGD-KHULNA	Khulna	2019-05-10	27.0	41.15	0.01
2	BGD-KHULNA	Khulna	2019-05-11	26.52	39.32	0.01
2	BGD-KHULNA	Khulna	2019-05-12	26.94	37.73	0.02
2	BGD-KHULNA	Khulna	2019-05-13	26.79	39.03	2.03
2	BGD-KHULNA	Khulna	2019-05-14	26.11	36.89	18.82
2	BGD-KHULNA	Khulna	2019-05-15	25.7	38.48	1.94
2	BGD-KHULNA	Khulna	2019-05-16	26.04	38.73	0.49
2	BGD-KHULNA	Khulna	2019-05-17	26.53	39.44	1.75
2	BGD-KHULNA	Khulna	2019-05-18	27.14	38.84	1.13
2	BGD-KHULNA	Khulna	2019-05-19	27.03	37.7	0.7
2	BGD-KHULNA	Khulna	2019-05-20	26.99	37.36	4.47
2	BGD-KHULNA	Khulna	2019-05-21	26.5	37.83	3.14
2	BGD-KHULNA	Khulna	2019-05-22	26.79	38.36	5.41
2	BGD-KHULNA	Khulna	2019-05-23	26.57	34.42	32.25
2	BGD-KHULNA	Khulna	2019-05-24	26.91	33.0	34.9
2	BGD-KHULNA	Khulna	2019-05-25	26.1	33.05	22.6
2	BGD-KHULNA	Khulna	2019-05-26	26.39	34.97	6.49
2	BGD-KHULNA	Khulna	2019-05-27	26.37	35.91	2.12
2	BGD-KHULNA	Khulna	2019-05-28	26.44	36.6	1.66
2	BGD-KHULNA	Khulna	2019-05-29	26.32	36.87	2.36
2	BGD-KHULNA	Khulna	2019-05-30	25.94	36.7	3.32
2	BGD-KHULNA	Khulna	2019-05-31	26.45	36.3	8.22
2	BGD-KHULNA	Khulna	2019-06-01	26.88	34.48	20.42
2	BGD-KHULNA	Khulna	2019-06-02	26.33	34.42	16.53
2	BGD-KHULNA	Khulna	2019-06-03	25.39	33.14	12.78
2	BGD-KHULNA	Khulna	2019-06-04	26.4	33.66	26.01
2	BGD-KHULNA	Khulna	2019-06-05	26.65	31.26	25.06
2	BGD-KHULNA	Khulna	2019-06-06	26.45	30.38	43.02
2	BGD-KHULNA	Khulna	2019-06-07	26.06	30.37	2.87
2	BGD-KHULNA	Khulna	2019-06-08	25.64	31.15	4.33
2	BGD-KHULNA	Khulna	2019-06-09	26.2	32.82	1.0
2	BGD-KHULNA	Khulna	2019-06-10	26.4	33.96	0.21
2	BGD-KHULNA	Khulna	2019-06-11	26.01	33.34	0.0
2	BGD-KHULNA	Khulna	2019-06-12	26.13	34.79	0.79
2	BGD-KHULNA	Khulna	2019-06-13	27.8	35.2	0.78
2	BGD-KHULNA	Khulna	2019-06-14	27.29	33.89	0.45
2	BGD-KHULNA	Khulna	2019-06-15	27.54	32.32	5.54
2	BGD-KHULNA	Khulna	2019-06-16	26.91	33.98	4.05
2	BGD-KHULNA	Khulna	2019-06-17	27.7	33.04	5.96
2	BGD-KHULNA	Khulna	2019-06-18	27.21	32.84	5.48
2	BGD-KHULNA	Khulna	2019-06-19	26.75	33.35	2.82
2	BGD-KHULNA	Khulna	2019-06-20	26.99	32.65	1.79
2	BGD-KHULNA	Khulna	2019-06-21	26.31	32.89	8.47
2	BGD-KHULNA	Khulna	2019-06-22	26.42	33.22	8.07
2	BGD-KHULNA	Khulna	2019-06-23	25.69	34.12	0.35
2	BGD-KHULNA	Khulna	2019-06-24	26.64	34.05	0.61
2	BGD-KHULNA	Khulna	2019-06-25	27.15	34.1	0.02
2	BGD-KHULNA	Khulna	2019-06-26	27.25	33.08	0.74
2	BGD-KHULNA	Khulna	2019-06-27	26.95	33.3	15.75
2	BGD-KHULNA	Khulna	2019-06-28	27.41	32.15	6.34
2	BGD-KHULNA	Khulna	2019-06-29	27.04	31.59	10.9
2	BGD-KHULNA	Khulna	2019-06-30	26.39	32.85	11.88
2	BGD-KHULNA	Khulna	2019-07-01	26.67	32.35	5.32
2	BGD-KHULNA	Khulna	2019-07-02	27.11	33.19	9.61
2	BGD-KHULNA	Khulna	2019-07-03	26.32	33.75	3.9
2	BGD-KHULNA	Khulna	2019-07-04	26.67	33.63	8.3
2	BGD-KHULNA	Khulna	2019-07-05	26.63	31.91	16.02
2	BGD-KHULNA	Khulna	2019-07-06	26.75	32.82	14.5
2	BGD-KHULNA	Khulna	2019-07-07	26.31	33.07	14.26
2	BGD-KHULNA	Khulna	2019-07-08	27.02	32.66	17.45
2	BGD-KHULNA	Khulna	2019-07-09	27.13	30.71	23.94
2	BGD-KHULNA	Khulna	2019-07-10	26.74	31.44	16.92
2	BGD-KHULNA	Khulna	2019-07-11	26.67	29.49	25.6
2	BGD-KHULNA	Khulna	2019-07-12	26.42	30.33	16.52
2	BGD-KHULNA	Khulna	2019-07-13	26.46	30.78	34.46
2	BGD-KHULNA	Khulna	2019-07-14	26.32	32.59	16.51
2	BGD-KHULNA	Khulna	2019-07-15	26.98	31.88	18.17
2	BGD-KHULNA	Khulna	2019-07-16	26.84	31.8	4.13
2	BGD-KHULNA	Khulna	2019-07-17	26.47	32.64	1.16
2	BGD-KHULNA	Khulna	2019-07-18	26.1	31.71	0.23
2	BGD-KHULNA	Khulna	2019-07-19	25.93	31.13	3.1
2	BGD-KHULNA	Khulna	2019-07-20	25.75	32.82	2.28
2	BGD-KHULNA	Khulna	2019-07-21	26.32	32.15	1.48
2	BGD-KHULNA	Khulna	2019-07-22	26.61	31.45	9.79
2	BGD-KHULNA	Khulna	2019-07-23	26.28	30.01	2.43
2	BGD-KHULNA	Khulna	2019-07-24	25.78	32.04	4.09
2	BGD-KHULNA	Khulna	2019-07-25	25.95	31.23	32.92
2	BGD-KHULNA	Khulna	2019-07-26	26.22	31.07	25.23
2	BGD-KHULNA	Khulna	2019-07-27	26.03	32.19	20.66
2	BGD-KHULNA	Khulna	2019-07-28	26.26	31.96	7.88
2	BGD-KHULNA	Khulna	2019-07-29	26.05	30.14	20.39
2	BGD-KHULNA	Khulna	2019-07-30	25.49	29.82	8.96
2	BGD-KHULNA	Khulna	2019-07-31	25.45	32.01	16.14
2	BGD-KHULNA	Khulna	2019-08-01	25.34	32.24	4.78
2	BGD-KHULNA	Khulna	2019-08-02	25.6	30.42	4.76
2	BGD-KHULNA	Khulna	2019-08-03	25.9	32.13	8.86
2	BGD-KHULNA	Khulna	2019-08-04	26.25	33.43	8.87
2	BGD-KHULNA	Khulna	2019-08-05	27.55	33.54	10.18
2	BGD-KHULNA	Khulna	2019-08-06	27.32	31.24	27.08
2	BGD-KHULNA	Khulna	2019-08-07	26.18	30.89	44.06
2	BGD-KHULNA	Khulna	2019-08-08	25.95	30.83	38.62
2	BGD-KHULNA	Khulna	2019-08-09	25.94	31.97	15.32
2	BGD-KHULNA	Khulna	2019-08-10	26.1	33.55	4.78
2	BGD-KHULNA	Khulna	2019-08-11	27.14	31.93	4.02
2	BGD-KHULNA	Khulna	2019-08-12	26.88	30.76	23.37
2	BGD-KHULNA	Khulna	2019-08-13	26.47	29.97	40.44
2	BGD-KHULNA	Khulna	2019-08-14	26.25	29.23	70.15
2	BGD-KHULNA	Khulna	2019-08-15	26.28	30.43	74.44
2	BGD-KHULNA	Khulna	2019-08-16	26.14	30.04	18.44
2	BGD-KHULNA	Khulna	2019-08-17	26.18	29.05	108.11
2	BGD-KHULNA	Khulna	2019-08-18	25.61	29.65	34.88
2	BGD-KHULNA	Khulna	2019-08-19	25.31	31.83	2.29
2	BGD-KHULNA	Khulna	2019-08-20	25.0	32.21	2.66
2	BGD-KHULNA	Khulna	2019-08-21	26.13	32.24	4.07
2	BGD-KHULNA	Khulna	2019-08-22	26.13	32.3	9.95
2	BGD-KHULNA	Khulna	2019-08-23	25.99	31.47	3.9
2	BGD-KHULNA	Khulna	2019-08-24	25.8	29.03	12.35
2	BGD-KHULNA	Khulna	2019-08-25	25.24	30.83	21.32
2	BGD-KHULNA	Khulna	2019-08-26	25.65	29.37	9.37
2	BGD-KHULNA	Khulna	2019-08-27	25.13	32.18	2.05
2	BGD-KHULNA	Khulna	2019-08-28	25.54	31.04	1.71
2	BGD-KHULNA	Khulna	2019-08-29	25.62	32.23	5.95
2	BGD-KHULNA	Khulna	2019-08-30	25.97	32.36	0.58
2	BGD-KHULNA	Khulna	2019-08-31	26.14	31.74	1.38
2	BGD-KHULNA	Khulna	2019-09-01	26.36	32.04	10.04
2	BGD-KHULNA	Khulna	2019-09-02	26.67	31.69	17.26
2	BGD-KHULNA	Khulna	2019-09-03	25.84	30.75	14.8
2	BGD-KHULNA	Khulna	2019-09-04	26.2	30.75	10.59
2	BGD-KHULNA	Khulna	2019-09-05	26.28	30.12	7.67
2	BGD-KHULNA	Khulna	2019-09-06	26.32	31.82	7.18
2	BGD-KHULNA	Khulna	2019-09-07	26.46	31.33	18.56
2	BGD-KHULNA	Khulna	2019-09-08	26.22	31.49	24.26
2	BGD-KHULNA	Khulna	2019-09-09	26.11	32.71	13.23
2	BGD-KHULNA	Khulna	2019-09-10	26.76	30.93	16.85
2	BGD-KHULNA	Khulna	2019-09-11	26.59	30.89	20.77
2	BGD-KHULNA	Khulna	2019-09-12	26.23	29.2	28.98
2	BGD-KHULNA	Khulna	2019-09-13	25.76	30.01	12.51
2	BGD-KHULNA	Khulna	2019-09-14	25.17	30.47	3.16
2	BGD-KHULNA	Khulna	2019-09-15	25.61	32.06	1.37
2	BGD-KHULNA	Khulna	2019-09-16	25.69	30.42	1.16
2	BGD-KHULNA	Khulna	2019-09-17	25.34	31.64	2.86
2	BGD-KHULNA	Khulna	2019-09-18	25.39	32.52	5.02
2	BGD-KHULNA	Khulna	2019-09-19	25.33	33.53	3.06
2	BGD-KHULNA	Khulna	2019-09-20	25.27	32.45	8.99
2	BGD-KHULNA	Khulna	2019-09-21	25.28	31.85	6.05
2	BGD-KHULNA	Khulna	2019-09-22	26.12	31.9	10.83
2	BGD-KHULNA	Khulna	2019-09-23	25.04	29.73	10.83
2	BGD-KHULNA	Khulna	2019-09-24	25.63	28.95	26.47
2	BGD-KHULNA	Khulna	2019-09-25	24.49	28.05	22.77
2	BGD-KHULNA	Khulna	2019-09-26	23.81	30.29	19.84
2	BGD-KHULNA	Khulna	2019-09-27	23.72	29.88	9.62
2	BGD-KHULNA	Khulna	2019-09-28	24.17	28.7	7.3
2	BGD-KHULNA	Khulna	2019-09-29	23.86	27.73	22.26
2	BGD-KHULNA	Khulna	2019-09-30	23.19	28.98	14.21
2	BGD-KHULNA	Khulna	2019-10-01	24.34	30.21	16.7
2	BGD-KHULNA	Khulna	2019-10-02	24.24	31.0	24.16
2	BGD-KHULNA	Khulna	2019-10-03	24.78	31.03	15.83
2	BGD-KHULNA	Khulna	2019-10-04	24.45	30.35	3.12
2	BGD-KHULNA	Khulna	2019-10-05	24.1	30.39	2.8
2	BGD-KHULNA	Khulna	2019-10-06	24.49	30.78	6.74
2	BGD-KHULNA	Khulna	2019-10-07	24.48	29.41	7.05
2	BGD-KHULNA	Khulna	2019-10-08	24.5	29.18	8.39
2	BGD-KHULNA	Khulna	2019-10-09	23.34	28.04	25.26
2	BGD-KHULNA	Khulna	2019-10-10	22.7	29.76	10.03
2	BGD-KHULNA	Khulna	2019-10-11	23.39	30.11	4.43
2	BGD-KHULNA	Khulna	2019-10-12	23.45	30.32	0.3
2	BGD-KHULNA	Khulna	2019-10-13	22.52	30.37	0.0
2	BGD-KHULNA	Khulna	2019-10-14	22.01	30.26	0.0
2	BGD-KHULNA	Khulna	2019-10-15	21.65	31.16	0.04
2	BGD-KHULNA	Khulna	2019-10-16	24.19	31.36	3.2
2	BGD-KHULNA	Khulna	2019-10-17	23.4	32.03	3.6
2	BGD-KHULNA	Khulna	2019-10-18	24.24	31.57	1.28
2	BGD-KHULNA	Khulna	2019-10-19	23.79	30.15	0.0
2	BGD-KHULNA	Khulna	2019-10-20	22.92	30.86	0.0
2	BGD-KHULNA	Khulna	2019-10-21	22.25	30.56	0.31
2	BGD-KHULNA	Khulna	2019-10-22	23.28	30.04	1.03
2	BGD-KHULNA	Khulna	2019-10-23	22.97	29.3	10.17
2	BGD-KHULNA	Khulna	2019-10-24	21.1	23.61	49.28
2	BGD-KHULNA	Khulna	2019-10-25	20.78	27.37	29.87
2	BGD-KHULNA	Khulna	2019-10-26	23.79	28.19	53.72
2	BGD-KHULNA	Khulna	2019-10-27	22.38	28.77	3.97
2	BGD-KHULNA	Khulna	2019-10-28	20.57	27.51	0.12
2	BGD-KHULNA	Khulna	2019-10-29	18.94	27.77	0.0
2	BGD-KHULNA	Khulna	2019-10-30	19.63	28.54	0.0
2	BGD-KHULNA	Khulna	2019-10-31	19.04	28.89	0.0
2	BGD-KHULNA	Khulna	2019-11-01	21.17	28.82	0.0
2	BGD-KHULNA	Khulna	2019-11-02	19.75	29.45	0.0
2	BGD-KHULNA	Khulna	2019-11-03	20.82	29.42	0.0
2	BGD-KHULNA	Khulna	2019-11-04	21.14	29.16	0.0
2	BGD-KHULNA	Khulna	2019-11-05	20.55	29.37	0.0
2	BGD-KHULNA	Khulna	2019-11-06	20.07	28.57	0.0
2	BGD-KHULNA	Khulna	2019-11-07	17.67	29.88	0.0
2	BGD-KHULNA	Khulna	2019-11-08	19.91	26.17	7.15
2	BGD-KHULNA	Khulna	2019-11-09	22.58	24.29	76.83
2	BGD-KHULNA	Khulna	2019-11-10	22.38	28.18	125.35
2	BGD-KHULNA	Khulna	2019-11-11	20.83	27.44	11.25
2	BGD-KHULNA	Khulna	2019-11-12	19.64	28.31	0.26
2	BGD-KHULNA	Khulna	2019-11-13	18.19	27.59	0.0
2	BGD-KHULNA	Khulna	2019-11-14	17.65	28.33	0.0
2	BGD-KHULNA	Khulna	2019-11-15	18.04	28.22	0.0
2	BGD-KHULNA	Khulna	2019-11-16	17.38	27.85	0.0
2	BGD-KHULNA	Khulna	2019-11-17	17.64	27.49	0.0
2	BGD-KHULNA	Khulna	2019-11-18	17.52	27.29	0.0
2	BGD-KHULNA	Khulna	2019-11-19	16.79	27.1	0.0
2	BGD-KHULNA	Khulna	2019-11-20	15.91	25.47	0.0
2	BGD-KHULNA	Khulna	2019-11-21	14.86	26.34	0.0
2	BGD-KHULNA	Khulna	2019-11-22	15.92	26.02	0.0
2	BGD-KHULNA	Khulna	2019-11-23	16.49	26.39	0.0
2	BGD-KHULNA	Khulna	2019-11-24	16.11	26.15	0.0
2	BGD-KHULNA	Khulna	2019-11-25	17.03	26.54	0.0
2	BGD-KHULNA	Khulna	2019-11-26	18.14	27.79	0.0
2	BGD-KHULNA	Khulna	2019-11-27	17.84	27.51	0.0
2	BGD-KHULNA	Khulna	2019-11-28	17.91	28.53	0.0
2	BGD-KHULNA	Khulna	2019-11-29	17.74	28.07	0.0
2	BGD-KHULNA	Khulna	2019-11-30	17.5	27.21	0.0
2	BGD-KHULNA	Khulna	2019-12-01	16.07	25.8	0.0
2	BGD-KHULNA	Khulna	2019-12-02	15.83	25.62	0.0
2	BGD-KHULNA	Khulna	2019-12-03	13.15	24.31	0.0
2	BGD-KHULNA	Khulna	2019-12-04	12.58	24.4	0.0
2	BGD-KHULNA	Khulna	2019-12-05	12.28	26.57	0.0
2	BGD-KHULNA	Khulna	2019-12-06	16.15	27.79	0.0
2	BGD-KHULNA	Khulna	2019-12-07	16.42	26.65	0.0
2	BGD-KHULNA	Khulna	2019-12-08	18.57	26.21	0.0
2	BGD-KHULNA	Khulna	2019-12-09	17.39	25.55	0.0
2	BGD-KHULNA	Khulna	2019-12-10	14.19	24.73	0.0
2	BGD-KHULNA	Khulna	2019-12-11	15.16	25.11	0.0
2	BGD-KHULNA	Khulna	2019-12-12	15.1	25.13	0.0
2	BGD-KHULNA	Khulna	2019-12-13	14.79	25.21	0.0
2	BGD-KHULNA	Khulna	2019-12-14	15.45	26.1	0.0
2	BGD-KHULNA	Khulna	2019-12-15	15.72	25.4	0.0
2	BGD-KHULNA	Khulna	2019-12-16	15.23	24.75	0.0
2	BGD-KHULNA	Khulna	2019-12-17	13.9	24.36	0.0
2	BGD-KHULNA	Khulna	2019-12-18	11.92	21.63	0.0
2	BGD-KHULNA	Khulna	2019-12-19	8.28	19.45	0.0
2	BGD-KHULNA	Khulna	2019-12-20	7.44	19.74	0.0
2	BGD-KHULNA	Khulna	2019-12-21	8.69	19.87	0.0
2	BGD-KHULNA	Khulna	2019-12-22	8.98	20.66	0.0
2	BGD-KHULNA	Khulna	2019-12-23	11.03	22.1	0.0
2	BGD-KHULNA	Khulna	2019-12-24	10.07	22.31	0.0
2	BGD-KHULNA	Khulna	2019-12-25	9.92	22.06	0.03
2	BGD-KHULNA	Khulna	2019-12-26	11.89	21.73	2.26
2	BGD-KHULNA	Khulna	2019-12-27	10.05	15.98	22.81
2	BGD-KHULNA	Khulna	2019-12-28	6.27	19.76	0.22
2	BGD-KHULNA	Khulna	2019-12-29	6.5	21.07	0.0
2	BGD-KHULNA	Khulna	2019-12-30	7.64	21.72	0.0
2	BGD-KHULNA	Khulna	2019-12-31	7.93	23.44	0.0
2	BGD-KHULNA	Khulna	2020-01-01	10.75	25.21	0.0
2	BGD-KHULNA	Khulna	2020-01-02	12.47	25.01	0.02
2	BGD-KHULNA	Khulna	2020-01-03	14.82	19.33	32.84
2	BGD-KHULNA	Khulna	2020-01-04	13.84	22.86	3.85
2	BGD-KHULNA	Khulna	2020-01-05	12.92	21.39	4.6
2	BGD-KHULNA	Khulna	2020-01-06	8.83	20.66	0.02
2	BGD-KHULNA	Khulna	2020-01-07	8.17	20.78	0.0
2	BGD-KHULNA	Khulna	2020-01-08	10.37	22.03	0.0
2	BGD-KHULNA	Khulna	2020-01-09	10.68	20.78	1.5
2	BGD-KHULNA	Khulna	2020-01-10	11.79	21.98	1.21
2	BGD-KHULNA	Khulna	2020-01-11	8.72	19.79	0.9
2	BGD-KHULNA	Khulna	2020-01-12	7.67	20.69	0.0
2	BGD-KHULNA	Khulna	2020-01-13	7.18	20.87	0.0
2	BGD-KHULNA	Khulna	2020-01-14	8.0	22.23	0.0
2	BGD-KHULNA	Khulna	2020-01-15	11.72	23.34	0.0
2	BGD-KHULNA	Khulna	2020-01-16	11.27	25.87	0.0
2	BGD-KHULNA	Khulna	2020-01-17	12.59	27.06	0.0
2	BGD-KHULNA	Khulna	2020-01-18	14.05	27.17	0.0
2	BGD-KHULNA	Khulna	2020-01-19	12.71	26.48	0.01
2	BGD-KHULNA	Khulna	2020-01-20	13.23	21.71	0.0
2	BGD-KHULNA	Khulna	2020-01-21	9.17	21.8	0.0
2	BGD-KHULNA	Khulna	2020-01-22	8.91	22.63	0.0
2	BGD-KHULNA	Khulna	2020-01-23	12.32	23.96	0.0
2	BGD-KHULNA	Khulna	2020-01-24	10.33	22.27	0.0
2	BGD-KHULNA	Khulna	2020-01-25	10.13	22.38	0.0
2	BGD-KHULNA	Khulna	2020-01-26	9.25	22.13	0.0
2	BGD-KHULNA	Khulna	2020-01-27	9.13	22.02	0.0
2	BGD-KHULNA	Khulna	2020-01-28	10.83	24.49	0.0
2	BGD-KHULNA	Khulna	2020-01-29	14.09	24.29	4.26
2	BGD-KHULNA	Khulna	2020-01-30	14.22	21.11	0.95
2	BGD-KHULNA	Khulna	2020-01-31	12.74	23.74	0.01
2	BGD-KHULNA	Khulna	2020-02-01	11.17	24.01	0.0
2	BGD-KHULNA	Khulna	2020-02-02	10.42	23.32	0.0
2	BGD-KHULNA	Khulna	2020-02-03	8.85	22.15	0.0
2	BGD-KHULNA	Khulna	2020-02-04	10.25	23.03	0.0
2	BGD-KHULNA	Khulna	2020-02-05	12.91	22.96	0.0
2	BGD-KHULNA	Khulna	2020-02-06	12.94	24.72	0.0
2	BGD-KHULNA	Khulna	2020-02-07	11.2	25.18	0.0
2	BGD-KHULNA	Khulna	2020-02-08	12.86	24.06	0.23
2	BGD-KHULNA	Khulna	2020-02-09	13.48	24.51	0.1
2	BGD-KHULNA	Khulna	2020-02-10	8.46	24.37	0.5
2	BGD-KHULNA	Khulna	2020-02-11	9.3	24.7	0.0
2	BGD-KHULNA	Khulna	2020-02-12	8.71	25.17	0.0
2	BGD-KHULNA	Khulna	2020-02-13	8.82	25.44	0.0
2	BGD-KHULNA	Khulna	2020-02-14	11.16	27.28	0.0
2	BGD-KHULNA	Khulna	2020-02-15	12.89	27.79	0.0
2	BGD-KHULNA	Khulna	2020-02-16	12.69	27.98	0.0
2	BGD-KHULNA	Khulna	2020-02-17	14.4	28.31	0.0
2	BGD-KHULNA	Khulna	2020-02-18	12.1	28.14	0.0
2	BGD-KHULNA	Khulna	2020-02-19	13.47	28.64	0.0
2	BGD-KHULNA	Khulna	2020-02-20	14.47	28.99	0.0
2	BGD-KHULNA	Khulna	2020-02-21	14.88	29.11	0.0
2	BGD-KHULNA	Khulna	2020-02-22	16.42	29.81	0.0
2	BGD-KHULNA	Khulna	2020-02-23	16.15	30.34	0.03
2	BGD-KHULNA	Khulna	2020-02-24	17.94	29.78	0.24
2	BGD-KHULNA	Khulna	2020-02-25	19.17	26.57	2.26
2	BGD-KHULNA	Khulna	2020-02-26	17.76	26.43	1.69
2	BGD-KHULNA	Khulna	2020-02-27	16.16	27.8	0.04
2	BGD-KHULNA	Khulna	2020-02-28	15.35	28.63	0.0
2	BGD-KHULNA	Khulna	2020-02-29	15.78	29.8	0.0
2	BGD-KHULNA	Khulna	2020-03-01	16.52	30.4	0.0
2	BGD-KHULNA	Khulna	2020-03-02	18.1	30.97	1.22
2	BGD-KHULNA	Khulna	2020-03-03	18.91	31.2	5.88
2	BGD-KHULNA	Khulna	2020-03-04	18.63	29.88	10.51
2	BGD-KHULNA	Khulna	2020-03-05	19.45	29.33	10.27
2	BGD-KHULNA	Khulna	2020-03-06	17.68	28.83	8.37
2	BGD-KHULNA	Khulna	2020-03-07	18.51	27.87	24.55
2	BGD-KHULNA	Khulna	2020-03-08	19.66	29.68	11.84
2	BGD-KHULNA	Khulna	2020-03-09	15.58	29.33	0.0
2	BGD-KHULNA	Khulna	2020-03-10	16.87	29.69	0.0
2	BGD-KHULNA	Khulna	2020-03-11	17.03	30.5	0.33
2	BGD-KHULNA	Khulna	2020-03-12	20.83	32.37	0.03
2	BGD-KHULNA	Khulna	2020-03-13	21.31	33.68	0.01
2	BGD-KHULNA	Khulna	2020-03-14	19.57	33.07	0.0
2	BGD-KHULNA	Khulna	2020-03-15	17.17	31.69	0.0
2	BGD-KHULNA	Khulna	2020-03-16	18.3	31.28	0.0
2	BGD-KHULNA	Khulna	2020-03-17	18.69	31.84	0.0
2	BGD-KHULNA	Khulna	2020-03-18	20.32	32.71	0.0
2	BGD-KHULNA	Khulna	2020-03-19	19.64	33.62	0.0
2	BGD-KHULNA	Khulna	2020-03-20	17.45	32.8	0.05
2	BGD-KHULNA	Khulna	2020-03-21	20.3	34.17	0.16
2	BGD-KHULNA	Khulna	2020-03-22	20.35	30.19	17.62
2	BGD-KHULNA	Khulna	2020-03-23	18.55	31.44	0.17
2	BGD-KHULNA	Khulna	2020-03-24	18.79	32.07	2.99
2	BGD-KHULNA	Khulna	2020-03-25	20.38	33.66	0.24
2	BGD-KHULNA	Khulna	2020-03-26	20.21	34.79	2.08
2	BGD-KHULNA	Khulna	2020-03-27	19.96	36.48	0.0
2	BGD-KHULNA	Khulna	2020-03-28	20.87	37.47	0.0
2	BGD-KHULNA	Khulna	2020-03-29	22.53	37.16	0.0
2	BGD-KHULNA	Khulna	2020-03-30	19.72	37.29	0.0
2	BGD-KHULNA	Khulna	2020-03-31	20.84	36.73	0.0
2	BGD-KHULNA	Khulna	2020-04-01	22.74	37.55	0.0
2	BGD-KHULNA	Khulna	2020-04-02	22.04	38.58	0.13
2	BGD-KHULNA	Khulna	2020-04-03	23.63	38.18	2.35
2	BGD-KHULNA	Khulna	2020-04-04	22.82	37.91	2.5
2	BGD-KHULNA	Khulna	2020-04-05	22.29	37.81	2.42
2	BGD-KHULNA	Khulna	2020-04-06	20.0	37.44	0.77
2	BGD-KHULNA	Khulna	2020-04-07	20.65	38.79	0.23
2	BGD-KHULNA	Khulna	2020-04-08	24.59	38.95	0.01
2	BGD-KHULNA	Khulna	2020-04-09	23.01	38.1	0.02
2	BGD-KHULNA	Khulna	2020-04-10	21.68	38.95	0.0
2	BGD-KHULNA	Khulna	2020-04-11	23.65	39.1	0.18
2	BGD-KHULNA	Khulna	2020-04-12	22.82	37.53	1.0
2	BGD-KHULNA	Khulna	2020-04-13	23.42	38.76	2.06
2	BGD-KHULNA	Khulna	2020-04-14	23.82	39.86	0.49
2	BGD-KHULNA	Khulna	2020-04-15	24.28	38.1	3.0
2	BGD-KHULNA	Khulna	2020-04-16	24.24	38.23	1.32
2	BGD-KHULNA	Khulna	2020-04-17	24.71	40.96	0.67
2	BGD-KHULNA	Khulna	2020-04-18	25.08	38.49	38.27
2	BGD-KHULNA	Khulna	2020-04-19	24.63	34.77	43.6
2	BGD-KHULNA	Khulna	2020-04-20	23.96	35.69	4.55
2	BGD-KHULNA	Khulna	2020-04-21	24.47	34.17	15.6
2	BGD-KHULNA	Khulna	2020-04-22	23.59	32.72	3.63
2	BGD-KHULNA	Khulna	2020-04-23	22.78	33.96	11.03
2	BGD-KHULNA	Khulna	2020-04-24	23.09	32.41	28.73
2	BGD-KHULNA	Khulna	2020-04-25	23.52	32.1	16.22
2	BGD-KHULNA	Khulna	2020-04-26	24.06	30.89	20.63
2	BGD-KHULNA	Khulna	2020-04-27	23.38	30.4	16.08
2	BGD-KHULNA	Khulna	2020-04-28	23.33	29.83	19.55
2	BGD-KHULNA	Khulna	2020-04-29	23.2	31.31	5.3
2	BGD-KHULNA	Khulna	2020-04-30	22.88	31.55	8.23
2	BGD-KHULNA	Khulna	2020-05-01	23.23	31.11	16.93
2	BGD-KHULNA	Khulna	2020-05-02	23.64	31.36	10.33
2	BGD-KHULNA	Khulna	2020-05-03	23.58	31.65	3.54
2	BGD-KHULNA	Khulna	2020-05-04	23.94	32.82	2.42
2	BGD-KHULNA	Khulna	2020-05-05	24.85	34.08	8.49
2	BGD-KHULNA	Khulna	2020-05-06	24.95	31.68	45.12
2	BGD-KHULNA	Khulna	2020-05-07	23.1	33.09	19.13
2	BGD-KHULNA	Khulna	2020-05-08	23.58	33.51	11.08
2	BGD-KHULNA	Khulna	2020-05-09	23.94	34.39	30.6
2	BGD-KHULNA	Khulna	2020-05-10	24.31	34.09	7.51
2	BGD-KHULNA	Khulna	2020-05-11	24.81	33.05	5.4
2	BGD-KHULNA	Khulna	2020-05-12	24.47	33.95	10.98
2	BGD-KHULNA	Khulna	2020-05-13	24.98	34.21	0.27
2	BGD-KHULNA	Khulna	2020-05-14	24.54	34.48	2.74
2	BGD-KHULNA	Khulna	2020-05-15	25.19	34.54	8.36
2	BGD-KHULNA	Khulna	2020-05-16	24.96	35.42	10.42
2	BGD-KHULNA	Khulna	2020-05-17	24.9	35.55	2.81
2	BGD-KHULNA	Khulna	2020-05-18	24.99	34.56	0.0
2	BGD-KHULNA	Khulna	2020-05-19	25.1	29.28	5.81
2	BGD-KHULNA	Khulna	2020-05-20	24.11	29.83	115.32
2	BGD-KHULNA	Khulna	2020-05-21	23.97	30.03	19.65
2	BGD-KHULNA	Khulna	2020-05-22	24.6	33.9	2.02
2	BGD-KHULNA	Khulna	2020-05-23	24.78	34.74	0.46
2	BGD-KHULNA	Khulna	2020-05-24	25.96	34.68	0.28
2	BGD-KHULNA	Khulna	2020-05-25	26.56	34.03	0.84
2	BGD-KHULNA	Khulna	2020-05-26	26.4	33.33	8.09
2	BGD-KHULNA	Khulna	2020-05-27	26.08	32.79	36.39
2	BGD-KHULNA	Khulna	2020-05-28	25.39	31.0	30.35
2	BGD-KHULNA	Khulna	2020-05-29	24.67	32.22	14.47
2	BGD-KHULNA	Khulna	2020-05-30	25.42	33.01	8.01
2	BGD-KHULNA	Khulna	2020-05-31	25.83	32.26	29.84
2	BGD-KHULNA	Khulna	2020-06-01	26.2	32.0	7.29
2	BGD-KHULNA	Khulna	2020-06-02	26.03	31.99	7.58
2	BGD-KHULNA	Khulna	2020-06-03	25.94	32.21	19.69
2	BGD-KHULNA	Khulna	2020-06-04	25.81	32.28	34.87
2	BGD-KHULNA	Khulna	2020-06-05	25.92	30.51	13.24
2	BGD-KHULNA	Khulna	2020-06-06	26.92	31.13	8.83
2	BGD-KHULNA	Khulna	2020-06-07	25.89	31.91	8.09
2	BGD-KHULNA	Khulna	2020-06-08	26.02	32.16	12.89
2	BGD-KHULNA	Khulna	2020-06-09	26.28	32.69	12.79
2	BGD-KHULNA	Khulna	2020-06-10	26.6	30.77	9.32
2	BGD-KHULNA	Khulna	2020-06-11	26.3	30.6	23.07
2	BGD-KHULNA	Khulna	2020-06-12	26.16	30.78	12.59
2	BGD-KHULNA	Khulna	2020-06-13	26.86	30.11	25.78
2	BGD-KHULNA	Khulna	2020-06-14	27.15	29.92	12.77
2	BGD-KHULNA	Khulna	2020-06-15	26.83	30.48	24.34
2	BGD-KHULNA	Khulna	2020-06-16	26.63	30.3	19.73
2	BGD-KHULNA	Khulna	2020-06-17	26.67	29.07	42.47
2	BGD-KHULNA	Khulna	2020-06-18	25.9	30.22	17.66
2	BGD-KHULNA	Khulna	2020-06-19	26.57	31.7	9.28
2	BGD-KHULNA	Khulna	2020-06-20	26.4	31.45	9.64
2	BGD-KHULNA	Khulna	2020-06-21	26.41	31.5	14.18
2	BGD-KHULNA	Khulna	2020-06-22	26.2	31.26	8.69
2	BGD-KHULNA	Khulna	2020-06-23	26.26	32.14	5.84
2	BGD-KHULNA	Khulna	2020-06-24	25.9	32.33	3.16
2	BGD-KHULNA	Khulna	2020-06-25	26.49	31.74	1.86
2	BGD-KHULNA	Khulna	2020-06-26	26.47	31.3	1.56
2	BGD-KHULNA	Khulna	2020-06-27	26.63	31.34	6.54
2	BGD-KHULNA	Khulna	2020-06-28	25.91	31.25	5.27
2	BGD-KHULNA	Khulna	2020-06-29	25.64	32.46	23.54
2	BGD-KHULNA	Khulna	2020-06-30	25.83	32.72	5.95
2	BGD-KHULNA	Khulna	2020-07-01	26.16	31.84	3.22
2	BGD-KHULNA	Khulna	2020-07-02	26.23	31.91	1.34
2	BGD-KHULNA	Khulna	2020-07-03	26.65	32.25	1.09
2	BGD-KHULNA	Khulna	2020-07-04	26.34	31.28	7.81
2	BGD-KHULNA	Khulna	2020-07-05	26.53	30.58	13.86
2	BGD-KHULNA	Khulna	2020-07-06	26.63	32.25	7.34
2	BGD-KHULNA	Khulna	2020-07-07	26.86	32.08	6.06
2	BGD-KHULNA	Khulna	2020-07-08	26.44	31.62	5.48
2	BGD-KHULNA	Khulna	2020-07-09	26.71	30.85	10.72
2	BGD-KHULNA	Khulna	2020-07-10	27.19	31.03	8.11
2	BGD-KHULNA	Khulna	2020-07-11	26.91	29.35	25.09
2	BGD-KHULNA	Khulna	2020-07-12	26.62	29.43	36.3
2	BGD-KHULNA	Khulna	2020-07-13	26.62	31.8	16.27
2	BGD-KHULNA	Khulna	2020-07-14	26.02	30.96	8.59
2	BGD-KHULNA	Khulna	2020-07-15	25.58	32.04	6.68
2	BGD-KHULNA	Khulna	2020-07-16	25.51	31.92	4.46
2	BGD-KHULNA	Khulna	2020-07-17	26.12	32.33	3.22
2	BGD-KHULNA	Khulna	2020-07-18	26.29	30.31	5.83
2	BGD-KHULNA	Khulna	2020-07-19	26.15	31.86	10.54
2	BGD-KHULNA	Khulna	2020-07-20	26.63	29.83	14.12
2	BGD-KHULNA	Khulna	2020-07-21	26.6	29.27	36.69
2	BGD-KHULNA	Khulna	2020-07-22	25.97	28.38	34.77
2	BGD-KHULNA	Khulna	2020-07-23	25.4	31.39	6.5
2	BGD-KHULNA	Khulna	2020-07-24	26.08	30.02	8.56
2	BGD-KHULNA	Khulna	2020-07-25	25.03	31.64	2.82
2	BGD-KHULNA	Khulna	2020-07-26	25.74	32.6	0.19
2	BGD-KHULNA	Khulna	2020-07-27	26.87	30.47	9.71
2	BGD-KHULNA	Khulna	2020-07-28	26.24	32.18	20.21
2	BGD-KHULNA	Khulna	2020-07-29	25.98	32.06	13.92
2	BGD-KHULNA	Khulna	2020-07-30	26.06	32.41	2.81
2	BGD-KHULNA	Khulna	2020-07-31	26.28	32.33	9.54
2	BGD-KHULNA	Khulna	2020-08-01	26.77	32.46	5.58
2	BGD-KHULNA	Khulna	2020-08-02	26.61	33.05	7.98
2	BGD-KHULNA	Khulna	2020-08-03	27.16	32.36	8.71
2	BGD-KHULNA	Khulna	2020-08-04	27.03	32.16	24.06
2	BGD-KHULNA	Khulna	2020-08-05	26.63	31.87	23.28
2	BGD-KHULNA	Khulna	2020-08-06	26.73	29.97	17.23
2	BGD-KHULNA	Khulna	2020-08-07	26.59	31.93	14.11
2	BGD-KHULNA	Khulna	2020-08-08	26.5	32.49	3.58
2	BGD-KHULNA	Khulna	2020-08-09	26.38	32.03	1.86
2	BGD-KHULNA	Khulna	2020-08-10	26.43	31.65	2.31
2	BGD-KHULNA	Khulna	2020-08-11	26.78	32.23	28.74
2	BGD-KHULNA	Khulna	2020-08-12	26.76	33.14	19.11
2	BGD-KHULNA	Khulna	2020-08-13	26.95	32.3	3.95
2	BGD-KHULNA	Khulna	2020-08-14	26.41	31.89	6.82
2	BGD-KHULNA	Khulna	2020-08-15	26.43	31.51	26.02
2	BGD-KHULNA	Khulna	2020-08-16	26.3	30.95	16.01
2	BGD-KHULNA	Khulna	2020-08-17	26.19	31.32	13.58
2	BGD-KHULNA	Khulna	2020-08-18	25.9	30.47	6.54
2	BGD-KHULNA	Khulna	2020-08-19	26.35	29.21	15.11
2	BGD-KHULNA	Khulna	2020-08-20	26.13	29.8	27.85
2	BGD-KHULNA	Khulna	2020-08-21	26.14	29.3	29.4
2	BGD-KHULNA	Khulna	2020-08-22	25.91	29.72	29.68
2	BGD-KHULNA	Khulna	2020-08-23	25.58	30.25	16.96
2	BGD-KHULNA	Khulna	2020-08-24	25.37	32.21	10.04
2	BGD-KHULNA	Khulna	2020-08-25	25.96	30.96	7.38
2	BGD-KHULNA	Khulna	2020-08-26	25.71	29.19	7.58
2	BGD-KHULNA	Khulna	2020-08-27	25.82	29.03	18.38
2	BGD-KHULNA	Khulna	2020-08-28	25.35	30.91	10.51
2	BGD-KHULNA	Khulna	2020-08-29	25.16	31.92	4.45
2	BGD-KHULNA	Khulna	2020-08-30	26.12	31.51	3.16
2	BGD-KHULNA	Khulna	2020-08-31	25.99	32.42	2.84
2	BGD-KHULNA	Khulna	2020-09-01	26.06	29.7	11.45
2	BGD-KHULNA	Khulna	2020-09-02	25.02	32.18	13.03
2	BGD-KHULNA	Khulna	2020-09-03	24.97	32.52	17.18
2	BGD-KHULNA	Khulna	2020-09-04	25.19	33.09	4.69
2	BGD-KHULNA	Khulna	2020-09-05	25.99	32.63	0.09
2	BGD-KHULNA	Khulna	2020-09-06	26.29	30.81	2.67
2	BGD-KHULNA	Khulna	2020-09-07	25.87	31.72	6.25
2	BGD-KHULNA	Khulna	2020-09-08	25.93	29.32	6.13
2	BGD-KHULNA	Khulna	2020-09-09	26.08	31.62	6.95
2	BGD-KHULNA	Khulna	2020-09-10	26.45	31.55	19.53
2	BGD-KHULNA	Khulna	2020-09-11	25.78	31.69	5.91
2	BGD-KHULNA	Khulna	2020-09-12	25.71	31.6	2.35
2	BGD-KHULNA	Khulna	2020-09-13	26.31	31.93	5.92
2	BGD-KHULNA	Khulna	2020-09-14	25.85	30.73	2.84
2	BGD-KHULNA	Khulna	2020-09-15	25.79	31.42	7.7
2	BGD-KHULNA	Khulna	2020-09-16	25.98	30.19	2.51
2	BGD-KHULNA	Khulna	2020-09-17	26.27	30.73	3.02
2	BGD-KHULNA	Khulna	2020-09-18	26.05	33.6	0.46
2	BGD-KHULNA	Khulna	2020-09-19	26.3	31.65	12.65
2	BGD-KHULNA	Khulna	2020-09-20	26.53	31.21	19.57
2	BGD-KHULNA	Khulna	2020-09-21	26.78	30.67	21.31
2	BGD-KHULNA	Khulna	2020-09-22	26.2	30.35	16.15
2	BGD-KHULNA	Khulna	2020-09-23	26.66	29.64	18.14
2	BGD-KHULNA	Khulna	2020-09-24	26.46	29.32	16.39
2	BGD-KHULNA	Khulna	2020-09-25	26.31	29.34	15.91
2	BGD-KHULNA	Khulna	2020-09-26	25.77	29.08	35.37
2	BGD-KHULNA	Khulna	2020-09-27	25.14	30.38	5.21
2	BGD-KHULNA	Khulna	2020-09-28	25.44	32.04	0.22
2	BGD-KHULNA	Khulna	2020-09-29	25.73	31.53	0.49
2	BGD-KHULNA	Khulna	2020-09-30	25.71	30.83	0.53
2	BGD-KHULNA	Khulna	2020-10-01	25.67	29.83	7.71
2	BGD-KHULNA	Khulna	2020-10-02	25.45	30.05	10.06
2	BGD-KHULNA	Khulna	2020-10-03	25.43	30.92	5.41
2	BGD-KHULNA	Khulna	2020-10-04	25.86	30.29	8.36
2	BGD-KHULNA	Khulna	2020-10-05	25.65	30.55	17.35
2	BGD-KHULNA	Khulna	2020-10-06	25.38	30.19	23.42
2	BGD-KHULNA	Khulna	2020-10-07	25.0	30.42	22.36
2	BGD-KHULNA	Khulna	2020-10-08	25.04	31.52	13.29
2	BGD-KHULNA	Khulna	2020-10-09	25.62	31.49	1.05
2	BGD-KHULNA	Khulna	2020-10-10	26.22	32.0	1.25
2	BGD-KHULNA	Khulna	2020-10-11	25.71	32.91	3.3
2	BGD-KHULNA	Khulna	2020-10-12	26.09	32.97	3.97
2	BGD-KHULNA	Khulna	2020-10-13	26.41	32.84	6.25
2	BGD-KHULNA	Khulna	2020-10-14	26.17	31.93	4.68
2	BGD-KHULNA	Khulna	2020-10-15	25.72	32.43	4.09
2	BGD-KHULNA	Khulna	2020-10-16	25.14	31.99	7.77
2	BGD-KHULNA	Khulna	2020-10-17	24.94	32.18	0.22
2	BGD-KHULNA	Khulna	2020-10-18	25.71	30.95	0.53
2	BGD-KHULNA	Khulna	2020-10-19	24.78	31.05	0.78
2	BGD-KHULNA	Khulna	2020-10-20	24.55	31.56	2.65
2	BGD-KHULNA	Khulna	2020-10-21	25.17	29.11	13.96
2	BGD-KHULNA	Khulna	2020-10-22	24.89	27.99	79.5
2	BGD-KHULNA	Khulna	2020-10-23	23.97	27.32	40.25
2	BGD-KHULNA	Khulna	2020-10-24	22.98	29.65	1.05
2	BGD-KHULNA	Khulna	2020-10-25	23.88	30.74	1.96
2	BGD-KHULNA	Khulna	2020-10-26	23.23	30.17	0.16
2	BGD-KHULNA	Khulna	2020-10-27	20.72	30.08	0.0
2	BGD-KHULNA	Khulna	2020-10-28	20.38	29.61	0.0
2	BGD-KHULNA	Khulna	2020-10-29	21.06	31.02	0.03
2	BGD-KHULNA	Khulna	2020-10-30	22.98	30.9	0.48
2	BGD-KHULNA	Khulna	2020-10-31	23.7	28.36	8.34
2	BGD-KHULNA	Khulna	2020-11-01	23.93	28.34	6.6
2	BGD-KHULNA	Khulna	2020-11-02	22.77	29.94	2.99
2	BGD-KHULNA	Khulna	2020-11-03	23.21	30.26	0.98
2	BGD-KHULNA	Khulna	2020-11-04	20.29	29.0	0.18
2	BGD-KHULNA	Khulna	2020-11-05	17.39	29.72	0.0
2	BGD-KHULNA	Khulna	2020-11-06	16.78	27.35	0.0
2	BGD-KHULNA	Khulna	2020-11-07	15.12	27.23	0.0
2	BGD-KHULNA	Khulna	2020-11-08	15.61	28.3	0.0
2	BGD-KHULNA	Khulna	2020-11-09	16.83	29.14	0.0
2	BGD-KHULNA	Khulna	2020-11-10	17.57	28.62	0.0
2	BGD-KHULNA	Khulna	2020-11-11	18.04	29.56	0.0
2	BGD-KHULNA	Khulna	2020-11-12	17.44	29.35	0.0
2	BGD-KHULNA	Khulna	2020-11-13	19.4	29.67	0.0
2	BGD-KHULNA	Khulna	2020-11-14	18.66	28.8	0.0
2	BGD-KHULNA	Khulna	2020-11-15	16.76	28.2	0.0
2	BGD-KHULNA	Khulna	2020-11-16	17.07	28.55	0.0
2	BGD-KHULNA	Khulna	2020-11-17	18.34	28.3	0.0
2	BGD-KHULNA	Khulna	2020-11-18	18.07	27.72	0.01
2	BGD-KHULNA	Khulna	2020-11-19	19.55	27.94	0.0
2	BGD-KHULNA	Khulna	2020-11-20	19.9	29.33	1.97
2	BGD-KHULNA	Khulna	2020-11-21	20.61	27.81	9.55
2	BGD-KHULNA	Khulna	2020-11-22	16.01	25.94	0.63
2	BGD-KHULNA	Khulna	2020-11-23	12.34	24.65	0.2
2	BGD-KHULNA	Khulna	2020-11-24	11.24	24.96	0.0
2	BGD-KHULNA	Khulna	2020-11-25	13.8	25.95	0.0
2	BGD-KHULNA	Khulna	2020-11-26	15.24	24.98	0.0
2	BGD-KHULNA	Khulna	2020-11-27	15.36	26.32	0.0
2	BGD-KHULNA	Khulna	2020-11-28	15.58	26.41	0.0
2	BGD-KHULNA	Khulna	2020-11-29	13.71	25.99	0.0
2	BGD-KHULNA	Khulna	2020-11-30	12.22	25.61	0.0
2	BGD-KHULNA	Khulna	2020-12-01	12.67	25.95	0.0
2	BGD-KHULNA	Khulna	2020-12-02	13.8	26.0	0.0
2	BGD-KHULNA	Khulna	2020-12-03	14.91	25.92	0.0
2	BGD-KHULNA	Khulna	2020-12-04	14.76	25.51	0.0
2	BGD-KHULNA	Khulna	2020-12-05	16.21	25.57	0.0
2	BGD-KHULNA	Khulna	2020-12-06	16.46	25.51	0.0
2	BGD-KHULNA	Khulna	2020-12-07	15.1	26.01	0.0
2	BGD-KHULNA	Khulna	2020-12-08	15.19	25.68	0.0
2	BGD-KHULNA	Khulna	2020-12-09	15.76	24.76	0.0
2	BGD-KHULNA	Khulna	2020-12-10	15.27	24.59	0.0
2	BGD-KHULNA	Khulna	2020-12-11	14.49	23.72	0.0
2	BGD-KHULNA	Khulna	2020-12-12	14.26	23.82	0.0
2	BGD-KHULNA	Khulna	2020-12-13	14.45	25.16	0.0
2	BGD-KHULNA	Khulna	2020-12-14	14.62	25.33	0.0
2	BGD-KHULNA	Khulna	2020-12-15	15.15	25.16	0.0
2	BGD-KHULNA	Khulna	2020-12-16	14.97	24.97	0.0
2	BGD-KHULNA	Khulna	2020-12-17	14.43	24.97	0.0
2	BGD-KHULNA	Khulna	2020-12-18	12.87	23.43	0.0
2	BGD-KHULNA	Khulna	2020-12-19	9.39	21.12	0.0
2	BGD-KHULNA	Khulna	2020-12-20	6.72	20.75	0.0
2	BGD-KHULNA	Khulna	2020-12-21	8.06	21.77	0.0
2	BGD-KHULNA	Khulna	2020-12-22	9.7	22.99	0.0
2	BGD-KHULNA	Khulna	2020-12-23	9.93	23.68	3.42
2	BGD-KHULNA	Khulna	2020-12-24	10.53	24.35	0.0
2	BGD-KHULNA	Khulna	2020-12-25	11.52	24.13	0.0
2	BGD-KHULNA	Khulna	2020-12-26	10.04	23.23	0.0
2	BGD-KHULNA	Khulna	2020-12-27	8.81	22.91	0.0
2	BGD-KHULNA	Khulna	2020-12-28	10.33	23.48	0.0
2	BGD-KHULNA	Khulna	2020-12-29	10.86	23.54	0.0
2	BGD-KHULNA	Khulna	2020-12-30	10.06	23.66	0.0
2	BGD-KHULNA	Khulna	2020-12-31	9.68	23.81	0.0
3	BGD-RAJSHAHI	Rajshahi	2019-01-01	8.53	25.43	0.0
3	BGD-RAJSHAHI	Rajshahi	2019-01-02	9.22	25.32	0.0
3	BGD-RAJSHAHI	Rajshahi	2019-01-03	9.63	24.83	0.0
3	BGD-RAJSHAHI	Rajshahi	2019-01-04	8.07	23.95	0.0
3	BGD-RAJSHAHI	Rajshahi	2019-01-05	8.82	25.29	0.0
3	BGD-RAJSHAHI	Rajshahi	2019-01-06	10.3	26.49	0.0
3	BGD-RAJSHAHI	Rajshahi	2019-01-07	10.9	27.26	0.0
3	BGD-RAJSHAHI	Rajshahi	2019-01-08	11.42	26.49	0.0
3	BGD-RAJSHAHI	Rajshahi	2019-01-09	11.41	26.09	0.0
3	BGD-RAJSHAHI	Rajshahi	2019-01-10	9.82	24.46	0.0
3	BGD-RAJSHAHI	Rajshahi	2019-01-11	9.75	24.57	0.0
3	BGD-RAJSHAHI	Rajshahi	2019-01-12	10.03	25.67	0.0
3	BGD-RAJSHAHI	Rajshahi	2019-01-13	10.96	27.15	0.0
3	BGD-RAJSHAHI	Rajshahi	2019-01-14	10.76	25.38	0.0
3	BGD-RAJSHAHI	Rajshahi	2019-01-15	10.2	25.48	0.0
3	BGD-RAJSHAHI	Rajshahi	2019-01-16	7.52	25.19	0.0
3	BGD-RAJSHAHI	Rajshahi	2019-01-17	9.75	26.61	0.0
3	BGD-RAJSHAHI	Rajshahi	2019-01-18	10.38	26.06	0.0
3	BGD-RAJSHAHI	Rajshahi	2019-01-19	8.78	25.23	0.0
3	BGD-RAJSHAHI	Rajshahi	2019-01-20	10.39	25.54	0.0
3	BGD-RAJSHAHI	Rajshahi	2019-01-21	13.55	26.89	0.0
3	BGD-RAJSHAHI	Rajshahi	2019-01-22	13.06	28.08	0.0
3	BGD-RAJSHAHI	Rajshahi	2019-01-23	14.43	28.56	0.0
3	BGD-RAJSHAHI	Rajshahi	2019-01-24	15.7	28.74	0.04
3	BGD-RAJSHAHI	Rajshahi	2019-01-25	13.92	28.43	0.0
3	BGD-RAJSHAHI	Rajshahi	2019-01-26	14.3	29.43	0.0
3	BGD-RAJSHAHI	Rajshahi	2019-01-27	14.06	27.36	0.0
3	BGD-RAJSHAHI	Rajshahi	2019-01-28	13.81	27.28	0.0
3	BGD-RAJSHAHI	Rajshahi	2019-01-29	12.48	26.09	0.0
3	BGD-RAJSHAHI	Rajshahi	2019-01-30	8.01	25.09	0.0
3	BGD-RAJSHAHI	Rajshahi	2019-01-31	9.49	27.07	0.0
3	BGD-RAJSHAHI	Rajshahi	2019-02-01	10.98	27.89	0.0
3	BGD-RAJSHAHI	Rajshahi	2019-02-02	13.32	28.34	0.0
3	BGD-RAJSHAHI	Rajshahi	2019-02-03	11.73	28.72	0.0
3	BGD-RAJSHAHI	Rajshahi	2019-02-04	11.27	28.44	0.0
3	BGD-RAJSHAHI	Rajshahi	2019-02-05	11.61	28.8	0.0
3	BGD-RAJSHAHI	Rajshahi	2019-02-06	13.73	28.31	0.0
3	BGD-RAJSHAHI	Rajshahi	2019-02-07	13.38	30.05	0.0
3	BGD-RAJSHAHI	Rajshahi	2019-02-08	15.94	30.62	0.33
3	BGD-RAJSHAHI	Rajshahi	2019-02-09	15.37	27.38	4.58
3	BGD-RAJSHAHI	Rajshahi	2019-02-10	10.01	26.48	0.02
3	BGD-RAJSHAHI	Rajshahi	2019-02-11	10.2	26.99	0.0
3	BGD-RAJSHAHI	Rajshahi	2019-02-12	11.21	28.17	0.0
3	BGD-RAJSHAHI	Rajshahi	2019-02-13	13.23	29.32	0.0
3	BGD-RAJSHAHI	Rajshahi	2019-02-14	13.95	31.74	0.0
3	BGD-RAJSHAHI	Rajshahi	2019-02-15	15.71	31.9	0.0
3	BGD-RAJSHAHI	Rajshahi	2019-02-16	16.09	26.71	2.28
3	BGD-RAJSHAHI	Rajshahi	2019-02-17	16.17	28.58	0.19
3	BGD-RAJSHAHI	Rajshahi	2019-02-18	12.41	26.93	0.0
3	BGD-RAJSHAHI	Rajshahi	2019-02-19	14.85	31.79	0.0
3	BGD-RAJSHAHI	Rajshahi	2019-02-20	15.56	33.03	0.0
3	BGD-RAJSHAHI	Rajshahi	2019-02-21	15.91	32.81	0.0
3	BGD-RAJSHAHI	Rajshahi	2019-02-22	16.45	34.05	0.0
3	BGD-RAJSHAHI	Rajshahi	2019-02-23	18.77	34.48	0.0
3	BGD-RAJSHAHI	Rajshahi	2019-02-24	15.88	34.03	0.01
3	BGD-RAJSHAHI	Rajshahi	2019-02-25	17.82	30.86	3.0
3	BGD-RAJSHAHI	Rajshahi	2019-02-26	18.28	29.69	7.64
3	BGD-RAJSHAHI	Rajshahi	2019-02-27	16.8	28.87	5.43
3	BGD-RAJSHAHI	Rajshahi	2019-02-28	16.21	25.25	7.96
3	BGD-RAJSHAHI	Rajshahi	2019-03-01	11.53	28.13	0.0
3	BGD-RAJSHAHI	Rajshahi	2019-03-02	11.99	29.08	0.0
3	BGD-RAJSHAHI	Rajshahi	2019-03-03	15.7	29.04	0.18
3	BGD-RAJSHAHI	Rajshahi	2019-03-04	15.34	28.96	0.5
3	BGD-RAJSHAHI	Rajshahi	2019-03-05	19.68	31.2	2.84
3	BGD-RAJSHAHI	Rajshahi	2019-03-06	18.07	31.43	0.16
3	BGD-RAJSHAHI	Rajshahi	2019-03-07	15.54	31.14	0.0
3	BGD-RAJSHAHI	Rajshahi	2019-03-08	15.03	31.26	0.0
3	BGD-RAJSHAHI	Rajshahi	2019-03-09	14.56	32.75	0.0
3	BGD-RAJSHAHI	Rajshahi	2019-03-10	16.1	33.88	0.0
3	BGD-RAJSHAHI	Rajshahi	2019-03-11	18.43	34.44	0.13
3	BGD-RAJSHAHI	Rajshahi	2019-03-12	17.52	37.24	0.0
3	BGD-RAJSHAHI	Rajshahi	2019-03-13	18.84	37.58	0.0
3	BGD-RAJSHAHI	Rajshahi	2019-03-14	21.03	38.22	0.0
3	BGD-RAJSHAHI	Rajshahi	2019-03-15	21.99	35.7	0.05
3	BGD-RAJSHAHI	Rajshahi	2019-03-16	22.98	37.47	0.02
3	BGD-RAJSHAHI	Rajshahi	2019-03-17	20.3	37.22	0.0
3	BGD-RAJSHAHI	Rajshahi	2019-03-18	19.73	33.86	0.67
3	BGD-RAJSHAHI	Rajshahi	2019-03-19	20.26	35.03	0.21
3	BGD-RAJSHAHI	Rajshahi	2019-03-20	17.01	36.08	0.0
3	BGD-RAJSHAHI	Rajshahi	2019-03-21	17.73	38.21	0.05
3	BGD-RAJSHAHI	Rajshahi	2019-03-22	21.47	38.11	0.44
3	BGD-RAJSHAHI	Rajshahi	2019-03-23	20.65	37.8	0.03
3	BGD-RAJSHAHI	Rajshahi	2019-03-24	16.99	37.73	0.0
3	BGD-RAJSHAHI	Rajshahi	2019-03-25	18.76	38.46	0.0
3	BGD-RAJSHAHI	Rajshahi	2019-03-26	22.15	37.65	0.0
3	BGD-RAJSHAHI	Rajshahi	2019-03-27	21.4	34.57	3.29
3	BGD-RAJSHAHI	Rajshahi	2019-03-28	19.83	36.41	0.0
3	BGD-RAJSHAHI	Rajshahi	2019-03-29	21.0	37.52	0.0
3	BGD-RAJSHAHI	Rajshahi	2019-03-30	22.44	37.12	0.05
3	BGD-RAJSHAHI	Rajshahi	2019-03-31	22.6	39.61	0.1
3	BGD-RAJSHAHI	Rajshahi	2019-04-01	24.81	36.75	2.94
3	BGD-RAJSHAHI	Rajshahi	2019-04-02	23.62	37.54	0.18
3	BGD-RAJSHAHI	Rajshahi	2019-04-03	19.76	37.6	0.04
3	BGD-RAJSHAHI	Rajshahi	2019-04-04	22.05	38.19	0.25
3	BGD-RAJSHAHI	Rajshahi	2019-04-05	23.69	36.21	6.62
3	BGD-RAJSHAHI	Rajshahi	2019-04-06	24.71	36.19	5.7
3	BGD-RAJSHAHI	Rajshahi	2019-04-07	23.53	34.37	6.9
3	BGD-RAJSHAHI	Rajshahi	2019-04-08	23.16	37.15	0.22
3	BGD-RAJSHAHI	Rajshahi	2019-04-09	24.16	36.68	1.92
3	BGD-RAJSHAHI	Rajshahi	2019-04-10	22.8	36.42	2.0
3	BGD-RAJSHAHI	Rajshahi	2019-04-11	23.31	37.61	0.41
3	BGD-RAJSHAHI	Rajshahi	2019-04-12	24.68	36.08	3.17
3	BGD-RAJSHAHI	Rajshahi	2019-04-13	24.46	38.04	9.37
3	BGD-RAJSHAHI	Rajshahi	2019-04-14	23.87	40.14	0.34
3	BGD-RAJSHAHI	Rajshahi	2019-04-15	24.25	40.79	0.12
3	BGD-RAJSHAHI	Rajshahi	2019-04-16	25.41	40.19	2.99
3	BGD-RAJSHAHI	Rajshahi	2019-04-17	25.36	38.06	14.32
3	BGD-RAJSHAHI	Rajshahi	2019-04-18	22.39	37.8	0.0
3	BGD-RAJSHAHI	Rajshahi	2019-04-19	24.23	38.92	0.24
3	BGD-RAJSHAHI	Rajshahi	2019-04-20	23.65	38.07	1.05
3	BGD-RAJSHAHI	Rajshahi	2019-04-21	27.05	39.67	0.05
3	BGD-RAJSHAHI	Rajshahi	2019-04-22	24.87	38.19	0.17
3	BGD-RAJSHAHI	Rajshahi	2019-04-23	24.12	38.01	1.32
3	BGD-RAJSHAHI	Rajshahi	2019-04-24	25.16	39.35	1.04
3	BGD-RAJSHAHI	Rajshahi	2019-04-25	25.93	40.67	0.28
3	BGD-RAJSHAHI	Rajshahi	2019-04-26	26.42	40.62	2.28
3	BGD-RAJSHAHI	Rajshahi	2019-04-27	26.9	41.63	0.63
3	BGD-RAJSHAHI	Rajshahi	2019-04-28	27.2	43.82	0.47
3	BGD-RAJSHAHI	Rajshahi	2019-04-29	25.7	43.24	0.84
3	BGD-RAJSHAHI	Rajshahi	2019-04-30	27.03	42.8	0.27
3	BGD-RAJSHAHI	Rajshahi	2019-05-01	27.3	41.59	0.53
3	BGD-RAJSHAHI	Rajshahi	2019-05-02	27.36	40.47	0.81
3	BGD-RAJSHAHI	Rajshahi	2019-05-03	26.72	31.62	10.07
3	BGD-RAJSHAHI	Rajshahi	2019-05-04	23.81	28.75	52.2
3	BGD-RAJSHAHI	Rajshahi	2019-05-05	22.31	38.66	0.0
3	BGD-RAJSHAHI	Rajshahi	2019-05-06	24.51	40.94	0.01
3	BGD-RAJSHAHI	Rajshahi	2019-05-07	21.91	41.41	0.0
3	BGD-RAJSHAHI	Rajshahi	2019-05-08	23.71	42.46	0.01
3	BGD-RAJSHAHI	Rajshahi	2019-05-09	23.67	42.68	0.02
3	BGD-RAJSHAHI	Rajshahi	2019-05-10	24.79	42.68	0.02
3	BGD-RAJSHAHI	Rajshahi	2019-05-11	26.83	42.12	0.2
3	BGD-RAJSHAHI	Rajshahi	2019-05-12	28.11	39.98	0.25
3	BGD-RAJSHAHI	Rajshahi	2019-05-13	27.43	41.22	0.58
3	BGD-RAJSHAHI	Rajshahi	2019-05-14	26.52	37.57	13.01
3	BGD-RAJSHAHI	Rajshahi	2019-05-15	26.14	39.29	2.44
3	BGD-RAJSHAHI	Rajshahi	2019-05-16	26.1	38.63	0.97
3	BGD-RAJSHAHI	Rajshahi	2019-05-17	26.36	40.8	0.65
3	BGD-RAJSHAHI	Rajshahi	2019-05-18	27.25	42.67	1.32
3	BGD-RAJSHAHI	Rajshahi	2019-05-19	27.46	39.8	3.33
3	BGD-RAJSHAHI	Rajshahi	2019-05-20	28.13	39.82	2.47
3	BGD-RAJSHAHI	Rajshahi	2019-05-21	27.33	39.02	2.56
3	BGD-RAJSHAHI	Rajshahi	2019-05-22	26.96	40.28	4.15
3	BGD-RAJSHAHI	Rajshahi	2019-05-23	26.93	34.54	24.5
3	BGD-RAJSHAHI	Rajshahi	2019-05-24	26.59	36.77	22.23
3	BGD-RAJSHAHI	Rajshahi	2019-05-25	26.88	34.05	19.58
3	BGD-RAJSHAHI	Rajshahi	2019-05-26	26.03	38.07	2.85
3	BGD-RAJSHAHI	Rajshahi	2019-05-27	26.3	39.85	0.26
3	BGD-RAJSHAHI	Rajshahi	2019-05-28	26.75	38.28	1.21
3	BGD-RAJSHAHI	Rajshahi	2019-05-29	27.11	38.62	1.94
3	BGD-RAJSHAHI	Rajshahi	2019-05-30	26.6	39.26	3.16
3	BGD-RAJSHAHI	Rajshahi	2019-05-31	26.76	38.0	7.84
3	BGD-RAJSHAHI	Rajshahi	2019-06-01	27.05	35.13	23.17
3	BGD-RAJSHAHI	Rajshahi	2019-06-02	26.81	33.13	33.44
3	BGD-RAJSHAHI	Rajshahi	2019-06-03	26.0	31.96	26.32
3	BGD-RAJSHAHI	Rajshahi	2019-06-04	26.21	34.68	20.1
3	BGD-RAJSHAHI	Rajshahi	2019-06-05	26.16	32.29	41.86
3	BGD-RAJSHAHI	Rajshahi	2019-06-06	26.58	30.56	27.34
3	BGD-RAJSHAHI	Rajshahi	2019-06-07	26.21	31.17	3.8
3	BGD-RAJSHAHI	Rajshahi	2019-06-08	26.18	32.4	1.0
3	BGD-RAJSHAHI	Rajshahi	2019-06-09	26.07	34.43	0.15
3	BGD-RAJSHAHI	Rajshahi	2019-06-10	26.08	34.42	3.32
3	BGD-RAJSHAHI	Rajshahi	2019-06-11	26.4	33.55	1.01
3	BGD-RAJSHAHI	Rajshahi	2019-06-12	26.31	34.88	0.55
3	BGD-RAJSHAHI	Rajshahi	2019-06-13	28.27	35.5	0.07
3	BGD-RAJSHAHI	Rajshahi	2019-06-14	27.43	36.48	2.5
3	BGD-RAJSHAHI	Rajshahi	2019-06-15	27.84	33.76	5.46
3	BGD-RAJSHAHI	Rajshahi	2019-06-16	27.11	37.4	5.05
3	BGD-RAJSHAHI	Rajshahi	2019-06-17	27.66	34.57	6.9
3	BGD-RAJSHAHI	Rajshahi	2019-06-18	27.55	35.37	5.91
3	BGD-RAJSHAHI	Rajshahi	2019-06-19	26.72	34.74	0.47
3	BGD-RAJSHAHI	Rajshahi	2019-06-20	27.7	33.51	1.7
3	BGD-RAJSHAHI	Rajshahi	2019-06-21	26.53	34.25	6.68
3	BGD-RAJSHAHI	Rajshahi	2019-06-22	27.06	33.24	7.02
3	BGD-RAJSHAHI	Rajshahi	2019-06-23	25.92	35.18	2.33
3	BGD-RAJSHAHI	Rajshahi	2019-06-24	27.18	35.99	1.24
3	BGD-RAJSHAHI	Rajshahi	2019-06-25	27.61	36.59	0.26
3	BGD-RAJSHAHI	Rajshahi	2019-06-26	28.07	36.42	3.62
3	BGD-RAJSHAHI	Rajshahi	2019-06-27	27.84	31.21	60.81
3	BGD-RAJSHAHI	Rajshahi	2019-06-28	27.63	33.98	20.49
3	BGD-RAJSHAHI	Rajshahi	2019-06-29	27.52	30.37	7.59
3	BGD-RAJSHAHI	Rajshahi	2019-06-30	27.3	33.11	3.73
3	BGD-RAJSHAHI	Rajshahi	2019-07-01	26.79	32.36	2.74
3	BGD-RAJSHAHI	Rajshahi	2019-07-02	26.68	33.76	0.93
3	BGD-RAJSHAHI	Rajshahi	2019-07-03	26.84	33.33	1.66
3	BGD-RAJSHAHI	Rajshahi	2019-07-04	27.11	33.58	5.92
3	BGD-RAJSHAHI	Rajshahi	2019-07-05	27.09	32.5	7.95
3	BGD-RAJSHAHI	Rajshahi	2019-07-06	27.46	32.89	11.42
3	BGD-RAJSHAHI	Rajshahi	2019-07-07	26.63	33.03	11.72
3	BGD-RAJSHAHI	Rajshahi	2019-07-08	27.05	33.69	25.88
3	BGD-RAJSHAHI	Rajshahi	2019-07-09	27.29	32.87	40.49
3	BGD-RAJSHAHI	Rajshahi	2019-07-10	26.87	31.57	25.44
3	BGD-RAJSHAHI	Rajshahi	2019-07-11	27.01	29.79	34.24
3	BGD-RAJSHAHI	Rajshahi	2019-07-12	26.61	30.25	14.88
3	BGD-RAJSHAHI	Rajshahi	2019-07-13	26.67	31.79	34.03
3	BGD-RAJSHAHI	Rajshahi	2019-07-14	26.74	30.8	16.07
3	BGD-RAJSHAHI	Rajshahi	2019-07-15	27.09	33.2	20.64
3	BGD-RAJSHAHI	Rajshahi	2019-07-16	27.14	32.55	6.21
3	BGD-RAJSHAHI	Rajshahi	2019-07-17	27.08	31.8	3.16
3	BGD-RAJSHAHI	Rajshahi	2019-07-18	26.49	33.06	2.56
3	BGD-RAJSHAHI	Rajshahi	2019-07-19	26.49	33.28	8.69
3	BGD-RAJSHAHI	Rajshahi	2019-07-20	26.5	33.25	0.71
3	BGD-RAJSHAHI	Rajshahi	2019-07-21	26.39	33.2	0.26
3	BGD-RAJSHAHI	Rajshahi	2019-07-22	26.73	30.5	5.02
3	BGD-RAJSHAHI	Rajshahi	2019-07-23	26.55	29.68	14.93
3	BGD-RAJSHAHI	Rajshahi	2019-07-24	26.31	30.53	35.11
3	BGD-RAJSHAHI	Rajshahi	2019-07-25	25.81	32.07	30.81
3	BGD-RAJSHAHI	Rajshahi	2019-07-26	26.57	31.4	14.02
3	BGD-RAJSHAHI	Rajshahi	2019-07-27	26.34	31.54	11.55
3	BGD-RAJSHAHI	Rajshahi	2019-07-28	26.03	32.28	3.02
3	BGD-RAJSHAHI	Rajshahi	2019-07-29	26.03	31.7	5.34
3	BGD-RAJSHAHI	Rajshahi	2019-07-30	25.9	31.15	3.79
3	BGD-RAJSHAHI	Rajshahi	2019-07-31	25.48	32.04	3.37
3	BGD-RAJSHAHI	Rajshahi	2019-08-01	26.1	31.91	3.55
3	BGD-RAJSHAHI	Rajshahi	2019-08-02	26.51	32.27	5.51
3	BGD-RAJSHAHI	Rajshahi	2019-08-03	26.38	32.39	2.86
3	BGD-RAJSHAHI	Rajshahi	2019-08-04	26.47	33.43	4.6
3	BGD-RAJSHAHI	Rajshahi	2019-08-05	27.67	32.4	0.89
3	BGD-RAJSHAHI	Rajshahi	2019-08-06	27.54	31.8	5.24
3	BGD-RAJSHAHI	Rajshahi	2019-08-07	26.31	32.37	5.91
3	BGD-RAJSHAHI	Rajshahi	2019-08-08	25.99	31.16	15.71
3	BGD-RAJSHAHI	Rajshahi	2019-08-09	26.19	32.92	6.32
3	BGD-RAJSHAHI	Rajshahi	2019-08-10	26.47	33.56	5.93
3	BGD-RAJSHAHI	Rajshahi	2019-08-11	27.0	32.25	0.39
3	BGD-RAJSHAHI	Rajshahi	2019-08-12	26.95	34.53	5.48
3	BGD-RAJSHAHI	Rajshahi	2019-08-13	26.66	30.32	12.72
3	BGD-RAJSHAHI	Rajshahi	2019-08-14	26.32	30.67	38.82
3	BGD-RAJSHAHI	Rajshahi	2019-08-15	26.42	30.89	22.17
3	BGD-RAJSHAHI	Rajshahi	2019-08-16	26.31	31.26	6.98
3	BGD-RAJSHAHI	Rajshahi	2019-08-17	26.38	31.37	11.89
3	BGD-RAJSHAHI	Rajshahi	2019-08-18	26.3	32.05	4.14
3	BGD-RAJSHAHI	Rajshahi	2019-08-19	25.6	32.2	1.05
3	BGD-RAJSHAHI	Rajshahi	2019-08-20	25.45	32.66	0.82
3	BGD-RAJSHAHI	Rajshahi	2019-08-21	26.59	32.28	0.13
3	BGD-RAJSHAHI	Rajshahi	2019-08-22	26.66	33.05	1.74
3	BGD-RAJSHAHI	Rajshahi	2019-08-23	26.44	31.53	4.51
3	BGD-RAJSHAHI	Rajshahi	2019-08-24	26.39	31.19	11.35
3	BGD-RAJSHAHI	Rajshahi	2019-08-25	25.72	31.83	10.19
3	BGD-RAJSHAHI	Rajshahi	2019-08-26	26.09	31.58	5.21
3	BGD-RAJSHAHI	Rajshahi	2019-08-27	25.13	32.96	0.26
3	BGD-RAJSHAHI	Rajshahi	2019-08-28	26.19	31.5	1.31
3	BGD-RAJSHAHI	Rajshahi	2019-08-29	26.12	31.48	4.25
3	BGD-RAJSHAHI	Rajshahi	2019-08-30	26.53	33.51	12.94
3	BGD-RAJSHAHI	Rajshahi	2019-08-31	26.33	33.41	0.86
3	BGD-RAJSHAHI	Rajshahi	2019-09-01	26.93	32.53	13.8
3	BGD-RAJSHAHI	Rajshahi	2019-09-02	27.07	32.51	23.73
3	BGD-RAJSHAHI	Rajshahi	2019-09-03	26.14	31.4	11.4
3	BGD-RAJSHAHI	Rajshahi	2019-09-04	26.59	30.52	5.6
3	BGD-RAJSHAHI	Rajshahi	2019-09-05	26.33	32.08	1.29
3	BGD-RAJSHAHI	Rajshahi	2019-09-06	26.37	32.11	0.86
3	BGD-RAJSHAHI	Rajshahi	2019-09-07	26.46	31.62	5.1
3	BGD-RAJSHAHI	Rajshahi	2019-09-08	26.57	32.35	4.04
3	BGD-RAJSHAHI	Rajshahi	2019-09-09	26.46	32.36	2.27
3	BGD-RAJSHAHI	Rajshahi	2019-09-10	26.64	30.29	5.0
3	BGD-RAJSHAHI	Rajshahi	2019-09-11	26.56	32.19	4.34
3	BGD-RAJSHAHI	Rajshahi	2019-09-12	26.31	29.98	29.54
3	BGD-RAJSHAHI	Rajshahi	2019-09-13	25.87	30.94	12.88
3	BGD-RAJSHAHI	Rajshahi	2019-09-14	25.59	31.91	6.57
3	BGD-RAJSHAHI	Rajshahi	2019-09-15	26.1	32.25	3.2
3	BGD-RAJSHAHI	Rajshahi	2019-09-16	26.35	30.32	3.81
3	BGD-RAJSHAHI	Rajshahi	2019-09-17	26.04	30.06	5.81
3	BGD-RAJSHAHI	Rajshahi	2019-09-18	25.37	32.28	7.85
3	BGD-RAJSHAHI	Rajshahi	2019-09-19	25.07	33.25	3.31
3	BGD-RAJSHAHI	Rajshahi	2019-09-20	25.69	32.11	3.37
3	BGD-RAJSHAHI	Rajshahi	2019-09-21	25.89	33.22	2.42
3	BGD-RAJSHAHI	Rajshahi	2019-09-22	25.82	32.74	15.55
3	BGD-RAJSHAHI	Rajshahi	2019-09-23	25.62	30.34	16.24
3	BGD-RAJSHAHI	Rajshahi	2019-09-24	25.33	28.51	20.97
3	BGD-RAJSHAHI	Rajshahi	2019-09-25	24.25	27.08	33.24
3	BGD-RAJSHAHI	Rajshahi	2019-09-26	23.71	29.87	31.52
3	BGD-RAJSHAHI	Rajshahi	2019-09-27	23.81	29.8	7.89
3	BGD-RAJSHAHI	Rajshahi	2019-09-28	24.24	27.76	20.0
3	BGD-RAJSHAHI	Rajshahi	2019-09-29	23.29	26.62	38.65
3	BGD-RAJSHAHI	Rajshahi	2019-09-30	23.07	26.49	54.42
3	BGD-RAJSHAHI	Rajshahi	2019-10-01	23.99	30.6	9.74
3	BGD-RAJSHAHI	Rajshahi	2019-10-02	24.18	30.69	3.34
3	BGD-RAJSHAHI	Rajshahi	2019-10-03	24.33	31.26	2.74
3	BGD-RAJSHAHI	Rajshahi	2019-10-04	25.14	29.38	1.59
3	BGD-RAJSHAHI	Rajshahi	2019-10-05	23.87	30.37	10.58
3	BGD-RAJSHAHI	Rajshahi	2019-10-06	25.68	30.89	8.37
3	BGD-RAJSHAHI	Rajshahi	2019-10-07	25.35	29.68	3.26
3	BGD-RAJSHAHI	Rajshahi	2019-10-08	24.78	28.27	11.49
3	BGD-RAJSHAHI	Rajshahi	2019-10-09	23.54	28.24	17.44
3	BGD-RAJSHAHI	Rajshahi	2019-10-10	22.2	29.48	4.11
3	BGD-RAJSHAHI	Rajshahi	2019-10-11	22.6	30.02	1.48
3	BGD-RAJSHAHI	Rajshahi	2019-10-12	23.33	30.57	0.08
3	BGD-RAJSHAHI	Rajshahi	2019-10-13	21.34	29.81	0.0
3	BGD-RAJSHAHI	Rajshahi	2019-10-14	21.2	30.18	0.0
3	BGD-RAJSHAHI	Rajshahi	2019-10-15	20.84	30.43	0.0
3	BGD-RAJSHAHI	Rajshahi	2019-10-16	22.83	30.79	0.12
3	BGD-RAJSHAHI	Rajshahi	2019-10-17	22.58	30.78	0.16
3	BGD-RAJSHAHI	Rajshahi	2019-10-18	22.38	30.75	0.0
3	BGD-RAJSHAHI	Rajshahi	2019-10-19	22.02	29.89	0.0
3	BGD-RAJSHAHI	Rajshahi	2019-10-20	22.15	29.64	0.0
3	BGD-RAJSHAHI	Rajshahi	2019-10-21	22.0	28.98	0.12
3	BGD-RAJSHAHI	Rajshahi	2019-10-22	21.84	28.76	0.38
3	BGD-RAJSHAHI	Rajshahi	2019-10-23	20.11	27.92	1.07
3	BGD-RAJSHAHI	Rajshahi	2019-10-24	20.74	23.9	44.43
3	BGD-RAJSHAHI	Rajshahi	2019-10-25	20.28	25.9	64.46
3	BGD-RAJSHAHI	Rajshahi	2019-10-26	22.17	28.01	47.29
3	BGD-RAJSHAHI	Rajshahi	2019-10-27	19.88	27.29	3.09
3	BGD-RAJSHAHI	Rajshahi	2019-10-28	19.3	26.44	0.0
3	BGD-RAJSHAHI	Rajshahi	2019-10-29	18.42	27.46	0.0
3	BGD-RAJSHAHI	Rajshahi	2019-10-30	19.65	28.23	0.0
3	BGD-RAJSHAHI	Rajshahi	2019-10-31	19.55	28.33	0.0
3	BGD-RAJSHAHI	Rajshahi	2019-11-01	20.53	28.35	0.0
3	BGD-RAJSHAHI	Rajshahi	2019-11-02	19.94	28.7	0.0
3	BGD-RAJSHAHI	Rajshahi	2019-11-03	21.2	28.66	0.0
3	BGD-RAJSHAHI	Rajshahi	2019-11-04	20.89	28.58	0.0
3	BGD-RAJSHAHI	Rajshahi	2019-11-05	19.89	28.48	0.0
3	BGD-RAJSHAHI	Rajshahi	2019-11-06	18.24	28.04	0.0
3	BGD-RAJSHAHI	Rajshahi	2019-11-07	17.65	28.28	0.0
3	BGD-RAJSHAHI	Rajshahi	2019-11-08	19.19	28.41	0.59
3	BGD-RAJSHAHI	Rajshahi	2019-11-09	22.01	25.07	10.38
3	BGD-RAJSHAHI	Rajshahi	2019-11-10	20.67	24.57	7.0
3	BGD-RAJSHAHI	Rajshahi	2019-11-11	19.17	27.73	1.37
3	BGD-RAJSHAHI	Rajshahi	2019-11-12	18.07	27.69	0.04
3	BGD-RAJSHAHI	Rajshahi	2019-11-13	16.42	26.8	0.0
3	BGD-RAJSHAHI	Rajshahi	2019-11-14	17.38	27.98	0.0
3	BGD-RAJSHAHI	Rajshahi	2019-11-15	19.03	27.84	0.0
3	BGD-RAJSHAHI	Rajshahi	2019-11-16	18.21	27.64	0.0
3	BGD-RAJSHAHI	Rajshahi	2019-11-17	17.53	26.61	0.0
3	BGD-RAJSHAHI	Rajshahi	2019-11-18	16.0	26.55	0.0
3	BGD-RAJSHAHI	Rajshahi	2019-11-19	15.86	26.42	0.0
3	BGD-RAJSHAHI	Rajshahi	2019-11-20	15.68	25.4	0.0
3	BGD-RAJSHAHI	Rajshahi	2019-11-21	14.08	26.28	0.0
3	BGD-RAJSHAHI	Rajshahi	2019-11-22	15.55	25.6	0.0
3	BGD-RAJSHAHI	Rajshahi	2019-11-23	15.77	25.53	0.0
3	BGD-RAJSHAHI	Rajshahi	2019-11-24	15.66	25.76	0.0
3	BGD-RAJSHAHI	Rajshahi	2019-11-25	16.89	24.74	0.0
3	BGD-RAJSHAHI	Rajshahi	2019-11-26	16.31	26.64	0.0
3	BGD-RAJSHAHI	Rajshahi	2019-11-27	17.02	27.03	0.0
3	BGD-RAJSHAHI	Rajshahi	2019-11-28	16.83	27.96	0.0
3	BGD-RAJSHAHI	Rajshahi	2019-11-29	16.69	27.36	0.0
3	BGD-RAJSHAHI	Rajshahi	2019-11-30	15.95	26.01	0.0
3	BGD-RAJSHAHI	Rajshahi	2019-12-01	14.3	25.21	0.0
3	BGD-RAJSHAHI	Rajshahi	2019-12-02	14.95	24.81	0.0
3	BGD-RAJSHAHI	Rajshahi	2019-12-03	12.33	23.66	0.0
3	BGD-RAJSHAHI	Rajshahi	2019-12-04	11.32	23.56	0.0
3	BGD-RAJSHAHI	Rajshahi	2019-12-05	11.88	25.53	0.0
3	BGD-RAJSHAHI	Rajshahi	2019-12-06	13.69	26.57	0.0
3	BGD-RAJSHAHI	Rajshahi	2019-12-07	14.91	25.5	0.0
3	BGD-RAJSHAHI	Rajshahi	2019-12-08	14.81	24.9	0.0
3	BGD-RAJSHAHI	Rajshahi	2019-12-09	13.96	24.33	0.0
3	BGD-RAJSHAHI	Rajshahi	2019-12-10	12.76	23.84	0.0
3	BGD-RAJSHAHI	Rajshahi	2019-12-11	13.47	23.93	0.0
3	BGD-RAJSHAHI	Rajshahi	2019-12-12	14.38	23.04	0.0
3	BGD-RAJSHAHI	Rajshahi	2019-12-13	14.49	24.0	0.04
3	BGD-RAJSHAHI	Rajshahi	2019-12-14	15.63	25.29	0.25
3	BGD-RAJSHAHI	Rajshahi	2019-12-15	15.42	24.02	0.57
3	BGD-RAJSHAHI	Rajshahi	2019-12-16	15.04	24.04	0.01
3	BGD-RAJSHAHI	Rajshahi	2019-12-17	13.29	22.51	0.01
3	BGD-RAJSHAHI	Rajshahi	2019-12-18	9.45	20.31	0.0
3	BGD-RAJSHAHI	Rajshahi	2019-12-19	7.39	18.6	0.0
3	BGD-RAJSHAHI	Rajshahi	2019-12-20	6.99	19.42	0.0
3	BGD-RAJSHAHI	Rajshahi	2019-12-21	8.48	18.73	0.0
3	BGD-RAJSHAHI	Rajshahi	2019-12-22	8.85	19.83	0.0
3	BGD-RAJSHAHI	Rajshahi	2019-12-23	9.65	21.26	0.0
3	BGD-RAJSHAHI	Rajshahi	2019-12-24	7.88	21.6	0.0
3	BGD-RAJSHAHI	Rajshahi	2019-12-25	9.27	20.62	0.01
3	BGD-RAJSHAHI	Rajshahi	2019-12-26	8.81	19.59	0.45
3	BGD-RAJSHAHI	Rajshahi	2019-12-27	8.84	18.08	4.74
3	BGD-RAJSHAHI	Rajshahi	2019-12-28	5.6	19.32	0.0
3	BGD-RAJSHAHI	Rajshahi	2019-12-29	4.83	20.33	0.01
3	BGD-RAJSHAHI	Rajshahi	2019-12-30	5.56	20.61	0.0
3	BGD-RAJSHAHI	Rajshahi	2019-12-31	7.16	22.95	0.0
3	BGD-RAJSHAHI	Rajshahi	2020-01-01	11.78	24.54	0.14
3	BGD-RAJSHAHI	Rajshahi	2020-01-02	13.88	24.46	0.36
3	BGD-RAJSHAHI	Rajshahi	2020-01-03	14.63	18.69	13.62
3	BGD-RAJSHAHI	Rajshahi	2020-01-04	13.35	22.11	7.73
3	BGD-RAJSHAHI	Rajshahi	2020-01-05	11.23	20.62	1.53
3	BGD-RAJSHAHI	Rajshahi	2020-01-06	7.95	19.64	0.51
3	BGD-RAJSHAHI	Rajshahi	2020-01-07	7.36	20.07	0.0
3	BGD-RAJSHAHI	Rajshahi	2020-01-08	10.47	21.09	0.11
3	BGD-RAJSHAHI	Rajshahi	2020-01-09	12.6	19.65	3.26
3	BGD-RAJSHAHI	Rajshahi	2020-01-10	11.24	20.84	0.18
3	BGD-RAJSHAHI	Rajshahi	2020-01-11	8.29	19.4	0.0
3	BGD-RAJSHAHI	Rajshahi	2020-01-12	6.83	20.35	0.0
3	BGD-RAJSHAHI	Rajshahi	2020-01-13	6.21	20.71	0.0
3	BGD-RAJSHAHI	Rajshahi	2020-01-14	8.04	22.07	0.0
3	BGD-RAJSHAHI	Rajshahi	2020-01-15	10.58	22.26	0.0
3	BGD-RAJSHAHI	Rajshahi	2020-01-16	12.73	24.5	0.0
3	BGD-RAJSHAHI	Rajshahi	2020-01-17	12.84	25.51	0.0
3	BGD-RAJSHAHI	Rajshahi	2020-01-18	15.04	25.72	0.02
3	BGD-RAJSHAHI	Rajshahi	2020-01-19	13.3	23.8	1.44
3	BGD-RAJSHAHI	Rajshahi	2020-01-20	10.97	20.13	0.11
3	BGD-RAJSHAHI	Rajshahi	2020-01-21	7.47	20.53	0.0
3	BGD-RAJSHAHI	Rajshahi	2020-01-22	7.8	21.25	0.0
3	BGD-RAJSHAHI	Rajshahi	2020-01-23	10.28	21.53	0.0
3	BGD-RAJSHAHI	Rajshahi	2020-01-24	7.39	20.65	0.0
3	BGD-RAJSHAHI	Rajshahi	2020-01-25	8.08	21.28	0.0
3	BGD-RAJSHAHI	Rajshahi	2020-01-26	6.95	20.6	0.0
3	BGD-RAJSHAHI	Rajshahi	2020-01-27	7.71	21.27	0.0
3	BGD-RAJSHAHI	Rajshahi	2020-01-28	10.5	23.31	0.0
3	BGD-RAJSHAHI	Rajshahi	2020-01-29	13.92	22.3	3.15
3	BGD-RAJSHAHI	Rajshahi	2020-01-30	12.51	22.73	2.94
3	BGD-RAJSHAHI	Rajshahi	2020-01-31	11.3	22.41	0.0
3	BGD-RAJSHAHI	Rajshahi	2020-02-01	9.75	22.7	0.0
3	BGD-RAJSHAHI	Rajshahi	2020-02-02	8.37	22.42	0.0
3	BGD-RAJSHAHI	Rajshahi	2020-02-03	6.71	20.8	0.0
3	BGD-RAJSHAHI	Rajshahi	2020-02-04	8.67	22.28	0.0
3	BGD-RAJSHAHI	Rajshahi	2020-02-05	10.9	22.42	0.0
3	BGD-RAJSHAHI	Rajshahi	2020-02-06	9.38	23.33	0.0
3	BGD-RAJSHAHI	Rajshahi	2020-02-07	8.45	23.14	0.0
3	BGD-RAJSHAHI	Rajshahi	2020-02-08	10.43	23.57	0.0
3	BGD-RAJSHAHI	Rajshahi	2020-02-09	9.94	24.14	0.0
3	BGD-RAJSHAHI	Rajshahi	2020-02-10	7.27	23.2	0.01
3	BGD-RAJSHAHI	Rajshahi	2020-02-11	8.06	23.5	0.0
3	BGD-RAJSHAHI	Rajshahi	2020-02-12	7.62	23.73	0.0
3	BGD-RAJSHAHI	Rajshahi	2020-02-13	8.04	24.04	0.0
3	BGD-RAJSHAHI	Rajshahi	2020-02-14	11.26	25.82	0.0
3	BGD-RAJSHAHI	Rajshahi	2020-02-15	12.29	25.95	0.0
3	BGD-RAJSHAHI	Rajshahi	2020-02-16	11.36	26.25	0.0
3	BGD-RAJSHAHI	Rajshahi	2020-02-17	11.25	26.31	0.0
3	BGD-RAJSHAHI	Rajshahi	2020-02-18	11.54	26.44	0.0
3	BGD-RAJSHAHI	Rajshahi	2020-02-19	13.6	27.27	0.0
3	BGD-RAJSHAHI	Rajshahi	2020-02-20	15.39	27.14	0.0
3	BGD-RAJSHAHI	Rajshahi	2020-02-21	13.78	28.4	0.0
3	BGD-RAJSHAHI	Rajshahi	2020-02-22	15.81	28.29	0.0
3	BGD-RAJSHAHI	Rajshahi	2020-02-23	17.91	28.59	0.97
3	BGD-RAJSHAHI	Rajshahi	2020-02-24	18.74	28.13	0.4
3	BGD-RAJSHAHI	Rajshahi	2020-02-25	16.7	24.49	3.31
3	BGD-RAJSHAHI	Rajshahi	2020-02-26	16.19	25.33	0.79
3	BGD-RAJSHAHI	Rajshahi	2020-02-27	14.84	26.64	0.06
3	BGD-RAJSHAHI	Rajshahi	2020-02-28	14.37	27.53	0.0
3	BGD-RAJSHAHI	Rajshahi	2020-02-29	14.17	28.77	0.0
3	BGD-RAJSHAHI	Rajshahi	2020-03-01	16.2	28.88	0.0
3	BGD-RAJSHAHI	Rajshahi	2020-03-02	17.97	29.12	1.21
3	BGD-RAJSHAHI	Rajshahi	2020-03-03	17.72	30.17	2.53
3	BGD-RAJSHAHI	Rajshahi	2020-03-04	18.21	28.31	13.77
3	BGD-RAJSHAHI	Rajshahi	2020-03-05	17.94	28.69	6.25
3	BGD-RAJSHAHI	Rajshahi	2020-03-06	17.26	28.02	11.77
3	BGD-RAJSHAHI	Rajshahi	2020-03-07	18.0	27.59	7.56
3	BGD-RAJSHAHI	Rajshahi	2020-03-08	18.51	29.71	1.4
3	BGD-RAJSHAHI	Rajshahi	2020-03-09	14.64	29.35	0.0
3	BGD-RAJSHAHI	Rajshahi	2020-03-10	16.2	29.56	0.0
3	BGD-RAJSHAHI	Rajshahi	2020-03-11	17.08	28.45	0.03
3	BGD-RAJSHAHI	Rajshahi	2020-03-12	18.95	31.87	0.0
3	BGD-RAJSHAHI	Rajshahi	2020-03-13	19.21	33.13	1.61
3	BGD-RAJSHAHI	Rajshahi	2020-03-14	18.83	30.61	1.32
3	BGD-RAJSHAHI	Rajshahi	2020-03-15	16.82	27.09	3.43
3	BGD-RAJSHAHI	Rajshahi	2020-03-16	17.11	31.44	0.01
3	BGD-RAJSHAHI	Rajshahi	2020-03-17	16.51	30.96	0.0
3	BGD-RAJSHAHI	Rajshahi	2020-03-18	17.69	31.81	0.0
3	BGD-RAJSHAHI	Rajshahi	2020-03-19	18.14	32.92	0.0
3	BGD-RAJSHAHI	Rajshahi	2020-03-20	18.98	32.38	0.01
3	BGD-RAJSHAHI	Rajshahi	2020-03-21	19.04	33.4	0.02
3	BGD-RAJSHAHI	Rajshahi	2020-03-22	19.39	30.31	10.17
3	BGD-RAJSHAHI	Rajshahi	2020-03-23	18.08	30.55	0.13
3	BGD-RAJSHAHI	Rajshahi	2020-03-24	19.26	31.69	0.84
3	BGD-RAJSHAHI	Rajshahi	2020-03-25	19.85	33.24	0.02
3	BGD-RAJSHAHI	Rajshahi	2020-03-26	19.96	35.36	0.0
3	BGD-RAJSHAHI	Rajshahi	2020-03-27	20.31	36.32	0.0
3	BGD-RAJSHAHI	Rajshahi	2020-03-28	20.78	37.25	0.0
3	BGD-RAJSHAHI	Rajshahi	2020-03-29	20.37	37.12	0.0
3	BGD-RAJSHAHI	Rajshahi	2020-03-30	18.57	36.87	0.0
3	BGD-RAJSHAHI	Rajshahi	2020-03-31	19.22	36.17	0.0
3	BGD-RAJSHAHI	Rajshahi	2020-04-01	21.44	37.03	0.0
3	BGD-RAJSHAHI	Rajshahi	2020-04-02	22.19	38.68	0.01
3	BGD-RAJSHAHI	Rajshahi	2020-04-03	22.61	37.56	0.49
3	BGD-RAJSHAHI	Rajshahi	2020-04-04	21.88	37.11	0.26
3	BGD-RAJSHAHI	Rajshahi	2020-04-05	21.07	37.32	0.0
3	BGD-RAJSHAHI	Rajshahi	2020-04-06	20.84	37.62	0.0
3	BGD-RAJSHAHI	Rajshahi	2020-04-07	19.9	38.93	0.0
3	BGD-RAJSHAHI	Rajshahi	2020-04-08	22.47	39.26	0.0
3	BGD-RAJSHAHI	Rajshahi	2020-04-09	22.08	37.89	0.01
3	BGD-RAJSHAHI	Rajshahi	2020-04-10	21.57	38.37	0.0
3	BGD-RAJSHAHI	Rajshahi	2020-04-11	23.06	38.41	1.08
3	BGD-RAJSHAHI	Rajshahi	2020-04-12	21.12	35.37	3.08
3	BGD-RAJSHAHI	Rajshahi	2020-04-13	21.44	36.42	4.4
3	BGD-RAJSHAHI	Rajshahi	2020-04-14	23.49	38.37	2.2
3	BGD-RAJSHAHI	Rajshahi	2020-04-15	23.95	35.21	40.51
3	BGD-RAJSHAHI	Rajshahi	2020-04-16	22.74	33.52	4.12
3	BGD-RAJSHAHI	Rajshahi	2020-04-17	22.88	36.67	1.86
3	BGD-RAJSHAHI	Rajshahi	2020-04-18	24.17	37.18	1.92
3	BGD-RAJSHAHI	Rajshahi	2020-04-19	24.54	38.46	1.61
3	BGD-RAJSHAHI	Rajshahi	2020-04-20	24.12	35.8	9.86
3	BGD-RAJSHAHI	Rajshahi	2020-04-21	22.2	32.73	8.72
3	BGD-RAJSHAHI	Rajshahi	2020-04-22	21.34	32.49	1.26
3	BGD-RAJSHAHI	Rajshahi	2020-04-23	22.18	34.98	3.35
3	BGD-RAJSHAHI	Rajshahi	2020-04-24	23.46	33.4	5.59
3	BGD-RAJSHAHI	Rajshahi	2020-04-25	22.28	32.6	2.74
3	BGD-RAJSHAHI	Rajshahi	2020-04-26	22.06	31.15	9.73
3	BGD-RAJSHAHI	Rajshahi	2020-04-27	22.44	31.4	0.95
3	BGD-RAJSHAHI	Rajshahi	2020-04-28	22.84	31.41	9.59
3	BGD-RAJSHAHI	Rajshahi	2020-04-29	22.16	30.57	8.04
3	BGD-RAJSHAHI	Rajshahi	2020-04-30	22.53	33.58	1.46
3	BGD-RAJSHAHI	Rajshahi	2020-05-01	23.23	32.52	6.96
3	BGD-RAJSHAHI	Rajshahi	2020-05-02	23.62	31.47	8.52
3	BGD-RAJSHAHI	Rajshahi	2020-05-03	22.81	33.18	1.67
3	BGD-RAJSHAHI	Rajshahi	2020-05-04	23.54	35.14	0.36
3	BGD-RAJSHAHI	Rajshahi	2020-05-05	24.94	37.28	3.9
3	BGD-RAJSHAHI	Rajshahi	2020-05-06	24.25	31.54	49.29
3	BGD-RAJSHAHI	Rajshahi	2020-05-07	22.63	33.12	13.66
3	BGD-RAJSHAHI	Rajshahi	2020-05-08	22.62	34.13	6.01
3	BGD-RAJSHAHI	Rajshahi	2020-05-09	22.75	33.7	7.94
3	BGD-RAJSHAHI	Rajshahi	2020-05-10	24.61	33.92	4.55
3	BGD-RAJSHAHI	Rajshahi	2020-05-11	24.88	33.83	6.23
3	BGD-RAJSHAHI	Rajshahi	2020-05-12	24.9	35.18	2.9
3	BGD-RAJSHAHI	Rajshahi	2020-05-13	24.26	36.0	0.44
3	BGD-RAJSHAHI	Rajshahi	2020-05-14	24.79	35.68	2.75
3	BGD-RAJSHAHI	Rajshahi	2020-05-15	25.33	34.57	19.8
3	BGD-RAJSHAHI	Rajshahi	2020-05-16	24.99	36.59	12.59
3	BGD-RAJSHAHI	Rajshahi	2020-05-17	24.8	36.77	12.6
3	BGD-RAJSHAHI	Rajshahi	2020-05-18	25.34	35.87	3.84
3	BGD-RAJSHAHI	Rajshahi	2020-05-19	24.88	33.68	7.82
3	BGD-RAJSHAHI	Rajshahi	2020-05-20	23.51	29.48	65.92
3	BGD-RAJSHAHI	Rajshahi	2020-05-21	24.41	31.88	33.66
3	BGD-RAJSHAHI	Rajshahi	2020-05-22	23.69	30.54	2.68
3	BGD-RAJSHAHI	Rajshahi	2020-05-23	22.95	35.14	0.8
3	BGD-RAJSHAHI	Rajshahi	2020-05-24	26.19	36.83	1.78
3	BGD-RAJSHAHI	Rajshahi	2020-05-25	26.69	37.12	3.84
3	BGD-RAJSHAHI	Rajshahi	2020-05-26	26.68	36.78	17.69
3	BGD-RAJSHAHI	Rajshahi	2020-05-27	26.09	34.14	29.33
3	BGD-RAJSHAHI	Rajshahi	2020-05-28	25.48	31.87	5.69
3	BGD-RAJSHAHI	Rajshahi	2020-05-29	24.81	31.79	7.35
3	BGD-RAJSHAHI	Rajshahi	2020-05-30	25.15	33.67	7.83
3	BGD-RAJSHAHI	Rajshahi	2020-05-31	25.98	32.14	10.87
3	BGD-RAJSHAHI	Rajshahi	2020-06-01	25.86	33.62	3.83
3	BGD-RAJSHAHI	Rajshahi	2020-06-02	26.21	33.26	4.72
3	BGD-RAJSHAHI	Rajshahi	2020-06-03	25.67	32.55	2.28
3	BGD-RAJSHAHI	Rajshahi	2020-06-04	25.53	34.45	9.62
3	BGD-RAJSHAHI	Rajshahi	2020-06-05	25.89	31.69	30.92
3	BGD-RAJSHAHI	Rajshahi	2020-06-06	26.81	33.19	18.05
3	BGD-RAJSHAHI	Rajshahi	2020-06-07	25.22	33.98	11.05
3	BGD-RAJSHAHI	Rajshahi	2020-06-08	26.12	32.97	30.93
3	BGD-RAJSHAHI	Rajshahi	2020-06-09	26.16	32.84	7.54
3	BGD-RAJSHAHI	Rajshahi	2020-06-10	26.96	31.94	6.83
3	BGD-RAJSHAHI	Rajshahi	2020-06-11	26.3	31.4	2.95
3	BGD-RAJSHAHI	Rajshahi	2020-06-12	26.58	31.2	4.92
3	BGD-RAJSHAHI	Rajshahi	2020-06-13	27.07	30.26	28.17
3	BGD-RAJSHAHI	Rajshahi	2020-06-14	27.01	30.22	10.74
3	BGD-RAJSHAHI	Rajshahi	2020-06-15	26.89	31.17	24.02
3	BGD-RAJSHAHI	Rajshahi	2020-06-16	26.67	30.97	19.68
3	BGD-RAJSHAHI	Rajshahi	2020-06-17	26.84	30.82	26.12
3	BGD-RAJSHAHI	Rajshahi	2020-06-18	26.13	32.14	22.3
3	BGD-RAJSHAHI	Rajshahi	2020-06-19	26.24	32.29	17.48
3	BGD-RAJSHAHI	Rajshahi	2020-06-20	26.98	32.74	4.7
3	BGD-RAJSHAHI	Rajshahi	2020-06-21	26.53	32.36	9.73
3	BGD-RAJSHAHI	Rajshahi	2020-06-22	26.17	31.82	6.23
3	BGD-RAJSHAHI	Rajshahi	2020-06-23	26.6	32.89	3.72
3	BGD-RAJSHAHI	Rajshahi	2020-06-24	26.74	32.9	3.3
3	BGD-RAJSHAHI	Rajshahi	2020-06-25	26.72	31.46	8.51
3	BGD-RAJSHAHI	Rajshahi	2020-06-26	26.88	29.97	13.09
3	BGD-RAJSHAHI	Rajshahi	2020-06-27	26.44	31.4	20.24
3	BGD-RAJSHAHI	Rajshahi	2020-06-28	26.44	31.1	6.16
3	BGD-RAJSHAHI	Rajshahi	2020-06-29	25.9	32.49	8.3
3	BGD-RAJSHAHI	Rajshahi	2020-06-30	25.97	32.62	1.83
3	BGD-RAJSHAHI	Rajshahi	2020-07-01	26.55	31.89	0.58
3	BGD-RAJSHAHI	Rajshahi	2020-07-02	26.62	30.5	10.82
3	BGD-RAJSHAHI	Rajshahi	2020-07-03	26.94	31.44	3.71
3	BGD-RAJSHAHI	Rajshahi	2020-07-04	26.9	30.86	11.22
3	BGD-RAJSHAHI	Rajshahi	2020-07-05	26.17	31.19	7.6
3	BGD-RAJSHAHI	Rajshahi	2020-07-06	27.06	31.69	7.88
3	BGD-RAJSHAHI	Rajshahi	2020-07-07	26.91	32.79	9.72
3	BGD-RAJSHAHI	Rajshahi	2020-07-08	26.74	31.45	15.37
3	BGD-RAJSHAHI	Rajshahi	2020-07-09	26.49	31.14	24.27
3	BGD-RAJSHAHI	Rajshahi	2020-07-10	27.0	32.07	21.68
3	BGD-RAJSHAHI	Rajshahi	2020-07-11	26.94	29.91	31.22
3	BGD-RAJSHAHI	Rajshahi	2020-07-12	26.53	32.41	22.17
3	BGD-RAJSHAHI	Rajshahi	2020-07-13	26.47	32.82	12.64
3	BGD-RAJSHAHI	Rajshahi	2020-07-14	26.67	31.41	13.49
3	BGD-RAJSHAHI	Rajshahi	2020-07-15	26.49	32.38	4.06
3	BGD-RAJSHAHI	Rajshahi	2020-07-16	26.17	32.42	0.89
3	BGD-RAJSHAHI	Rajshahi	2020-07-17	26.47	32.52	1.19
3	BGD-RAJSHAHI	Rajshahi	2020-07-18	26.56	31.74	2.79
3	BGD-RAJSHAHI	Rajshahi	2020-07-19	26.7	30.45	11.09
3	BGD-RAJSHAHI	Rajshahi	2020-07-20	26.77	30.13	34.13
3	BGD-RAJSHAHI	Rajshahi	2020-07-21	26.53	28.79	29.49
3	BGD-RAJSHAHI	Rajshahi	2020-07-22	25.87	29.82	17.24
3	BGD-RAJSHAHI	Rajshahi	2020-07-23	25.37	31.18	14.84
3	BGD-RAJSHAHI	Rajshahi	2020-07-24	26.4	30.9	5.75
3	BGD-RAJSHAHI	Rajshahi	2020-07-25	25.63	32.19	1.39
3	BGD-RAJSHAHI	Rajshahi	2020-07-26	26.16	33.13	1.6
3	BGD-RAJSHAHI	Rajshahi	2020-07-27	26.95	29.51	5.42
3	BGD-RAJSHAHI	Rajshahi	2020-07-28	26.49	31.91	9.11
3	BGD-RAJSHAHI	Rajshahi	2020-07-29	26.4	31.67	10.31
3	BGD-RAJSHAHI	Rajshahi	2020-07-30	26.48	31.35	5.46
3	BGD-RAJSHAHI	Rajshahi	2020-07-31	26.22	31.31	10.2
3	BGD-RAJSHAHI	Rajshahi	2020-08-01	26.6	32.86	7.8
3	BGD-RAJSHAHI	Rajshahi	2020-08-02	26.74	32.47	11.34
3	BGD-RAJSHAHI	Rajshahi	2020-08-03	27.1	34.06	7.65
3	BGD-RAJSHAHI	Rajshahi	2020-08-04	27.23	33.51	12.73
3	BGD-RAJSHAHI	Rajshahi	2020-08-05	26.54	31.9	13.23
3	BGD-RAJSHAHI	Rajshahi	2020-08-06	26.96	29.72	6.14
3	BGD-RAJSHAHI	Rajshahi	2020-08-07	26.84	32.0	8.23
3	BGD-RAJSHAHI	Rajshahi	2020-08-08	27.1	32.93	3.39
3	BGD-RAJSHAHI	Rajshahi	2020-08-09	27.09	31.44	2.62
3	BGD-RAJSHAHI	Rajshahi	2020-08-10	26.66	32.69	3.07
3	BGD-RAJSHAHI	Rajshahi	2020-08-11	27.2	31.72	7.5
3	BGD-RAJSHAHI	Rajshahi	2020-08-12	27.31	32.96	7.27
3	BGD-RAJSHAHI	Rajshahi	2020-08-13	27.31	32.67	7.19
3	BGD-RAJSHAHI	Rajshahi	2020-08-14	26.53	32.79	2.84
3	BGD-RAJSHAHI	Rajshahi	2020-08-15	26.45	31.39	7.14
3	BGD-RAJSHAHI	Rajshahi	2020-08-16	26.31	31.48	8.23
3	BGD-RAJSHAHI	Rajshahi	2020-08-17	26.4	30.59	6.8
3	BGD-RAJSHAHI	Rajshahi	2020-08-18	26.06	32.16	3.75
3	BGD-RAJSHAHI	Rajshahi	2020-08-19	26.27	32.01	4.24
3	BGD-RAJSHAHI	Rajshahi	2020-08-20	25.62	29.36	9.23
3	BGD-RAJSHAHI	Rajshahi	2020-08-21	25.93	30.21	6.82
3	BGD-RAJSHAHI	Rajshahi	2020-08-22	25.69	29.19	12.74
3	BGD-RAJSHAHI	Rajshahi	2020-08-23	25.36	31.6	7.75
3	BGD-RAJSHAHI	Rajshahi	2020-08-24	25.19	32.46	3.3
3	BGD-RAJSHAHI	Rajshahi	2020-08-25	26.77	32.58	5.27
3	BGD-RAJSHAHI	Rajshahi	2020-08-26	26.22	31.56	2.23
3	BGD-RAJSHAHI	Rajshahi	2020-08-27	26.02	31.2	8.89
3	BGD-RAJSHAHI	Rajshahi	2020-08-28	25.57	31.3	6.7
3	BGD-RAJSHAHI	Rajshahi	2020-08-29	25.53	32.35	1.52
3	BGD-RAJSHAHI	Rajshahi	2020-08-30	26.19	32.48	0.39
3	BGD-RAJSHAHI	Rajshahi	2020-08-31	26.02	30.59	7.72
3	BGD-RAJSHAHI	Rajshahi	2020-09-01	25.63	29.15	22.37
3	BGD-RAJSHAHI	Rajshahi	2020-09-02	24.83	32.36	4.45
3	BGD-RAJSHAHI	Rajshahi	2020-09-03	25.69	32.75	3.69
3	BGD-RAJSHAHI	Rajshahi	2020-09-04	25.21	32.75	3.15
3	BGD-RAJSHAHI	Rajshahi	2020-09-05	25.69	33.0	0.08
3	BGD-RAJSHAHI	Rajshahi	2020-09-06	26.2	30.44	6.4
3	BGD-RAJSHAHI	Rajshahi	2020-09-07	26.66	29.68	10.44
3	BGD-RAJSHAHI	Rajshahi	2020-09-08	25.87	31.84	10.39
3	BGD-RAJSHAHI	Rajshahi	2020-09-09	25.94	32.12	11.13
3	BGD-RAJSHAHI	Rajshahi	2020-09-10	26.81	29.55	10.69
3	BGD-RAJSHAHI	Rajshahi	2020-09-11	26.39	31.65	4.94
3	BGD-RAJSHAHI	Rajshahi	2020-09-12	26.08	30.92	9.34
3	BGD-RAJSHAHI	Rajshahi	2020-09-13	26.43	30.66	9.92
3	BGD-RAJSHAHI	Rajshahi	2020-09-14	26.41	30.87	2.07
3	BGD-RAJSHAHI	Rajshahi	2020-09-15	26.04	30.1	3.78
3	BGD-RAJSHAHI	Rajshahi	2020-09-16	26.18	30.96	2.25
3	BGD-RAJSHAHI	Rajshahi	2020-09-17	26.37	29.33	21.55
3	BGD-RAJSHAHI	Rajshahi	2020-09-18	25.64	32.48	8.3
3	BGD-RAJSHAHI	Rajshahi	2020-09-19	25.92	31.32	6.63
3	BGD-RAJSHAHI	Rajshahi	2020-09-20	26.57	31.91	4.16
3	BGD-RAJSHAHI	Rajshahi	2020-09-21	26.92	31.39	15.74
3	BGD-RAJSHAHI	Rajshahi	2020-09-22	26.31	30.64	28.85
3	BGD-RAJSHAHI	Rajshahi	2020-09-23	26.57	29.37	15.03
3	BGD-RAJSHAHI	Rajshahi	2020-09-24	26.24	29.27	8.74
3	BGD-RAJSHAHI	Rajshahi	2020-09-25	26.55	29.71	13.29
3	BGD-RAJSHAHI	Rajshahi	2020-09-26	26.0	28.74	15.21
3	BGD-RAJSHAHI	Rajshahi	2020-09-27	25.48	31.37	12.38
3	BGD-RAJSHAHI	Rajshahi	2020-09-28	25.56	31.11	4.51
3	BGD-RAJSHAHI	Rajshahi	2020-09-29	26.06	30.8	0.49
3	BGD-RAJSHAHI	Rajshahi	2020-09-30	25.74	30.44	23.62
3	BGD-RAJSHAHI	Rajshahi	2020-10-01	25.81	30.0	53.29
3	BGD-RAJSHAHI	Rajshahi	2020-10-02	25.45	29.62	26.08
3	BGD-RAJSHAHI	Rajshahi	2020-10-03	25.7	31.09	15.83
3	BGD-RAJSHAHI	Rajshahi	2020-10-04	26.33	30.47	3.89
3	BGD-RAJSHAHI	Rajshahi	2020-10-05	25.4	30.26	11.61
3	BGD-RAJSHAHI	Rajshahi	2020-10-06	25.48	29.77	45.41
3	BGD-RAJSHAHI	Rajshahi	2020-10-07	24.84	30.93	20.64
3	BGD-RAJSHAHI	Rajshahi	2020-10-08	25.15	30.88	12.52
3	BGD-RAJSHAHI	Rajshahi	2020-10-09	26.19	31.95	0.55
3	BGD-RAJSHAHI	Rajshahi	2020-10-10	25.72	31.78	0.02
3	BGD-RAJSHAHI	Rajshahi	2020-10-11	24.7	32.22	0.12
3	BGD-RAJSHAHI	Rajshahi	2020-10-12	24.57	32.72	0.97
3	BGD-RAJSHAHI	Rajshahi	2020-10-13	25.69	32.01	4.56
3	BGD-RAJSHAHI	Rajshahi	2020-10-14	25.78	32.44	3.79
3	BGD-RAJSHAHI	Rajshahi	2020-10-15	25.94	32.73	1.27
3	BGD-RAJSHAHI	Rajshahi	2020-10-16	25.67	32.67	5.4
3	BGD-RAJSHAHI	Rajshahi	2020-10-17	24.95	32.02	0.16
3	BGD-RAJSHAHI	Rajshahi	2020-10-18	24.33	32.36	0.0
3	BGD-RAJSHAHI	Rajshahi	2020-10-19	24.67	31.83	0.01
3	BGD-RAJSHAHI	Rajshahi	2020-10-20	23.98	31.93	0.0
3	BGD-RAJSHAHI	Rajshahi	2020-10-21	24.23	31.12	1.32
3	BGD-RAJSHAHI	Rajshahi	2020-10-22	24.21	29.1	20.38
3	BGD-RAJSHAHI	Rajshahi	2020-10-23	22.82	29.27	36.07
3	BGD-RAJSHAHI	Rajshahi	2020-10-24	22.28	28.85	2.47
3	BGD-RAJSHAHI	Rajshahi	2020-10-25	23.39	30.44	1.92
3	BGD-RAJSHAHI	Rajshahi	2020-10-26	22.88	30.07	0.3
3	BGD-RAJSHAHI	Rajshahi	2020-10-27	20.0	30.0	0.0
3	BGD-RAJSHAHI	Rajshahi	2020-10-28	19.28	29.63	0.0
3	BGD-RAJSHAHI	Rajshahi	2020-10-29	20.84	30.55	0.04
3	BGD-RAJSHAHI	Rajshahi	2020-10-30	21.96	30.45	0.02
3	BGD-RAJSHAHI	Rajshahi	2020-10-31	20.98	30.99	0.35
3	BGD-RAJSHAHI	Rajshahi	2020-11-01	23.43	30.16	0.58
3	BGD-RAJSHAHI	Rajshahi	2020-11-02	22.75	30.42	0.17
3	BGD-RAJSHAHI	Rajshahi	2020-11-03	19.9	29.08	0.0
3	BGD-RAJSHAHI	Rajshahi	2020-11-04	17.76	27.08	0.0
3	BGD-RAJSHAHI	Rajshahi	2020-11-05	15.25	29.1	0.0
3	BGD-RAJSHAHI	Rajshahi	2020-11-06	15.81	26.95	0.0
3	BGD-RAJSHAHI	Rajshahi	2020-11-07	14.57	26.88	0.0
3	BGD-RAJSHAHI	Rajshahi	2020-11-08	15.75	28.43	0.0
3	BGD-RAJSHAHI	Rajshahi	2020-11-09	17.0	28.45	0.0
3	BGD-RAJSHAHI	Rajshahi	2020-11-10	16.84	28.61	0.0
3	BGD-RAJSHAHI	Rajshahi	2020-11-11	16.45	28.66	0.0
3	BGD-RAJSHAHI	Rajshahi	2020-11-12	17.68	28.01	0.0
3	BGD-RAJSHAHI	Rajshahi	2020-11-13	17.85	28.39	0.0
3	BGD-RAJSHAHI	Rajshahi	2020-11-14	16.88	28.19	0.0
3	BGD-RAJSHAHI	Rajshahi	2020-11-15	16.32	27.81	0.0
3	BGD-RAJSHAHI	Rajshahi	2020-11-16	17.17	28.5	0.0
3	BGD-RAJSHAHI	Rajshahi	2020-11-17	18.22	27.88	0.0
3	BGD-RAJSHAHI	Rajshahi	2020-11-18	17.48	27.73	0.0
3	BGD-RAJSHAHI	Rajshahi	2020-11-19	19.13	27.32	0.0
3	BGD-RAJSHAHI	Rajshahi	2020-11-20	18.65	28.4	0.51
3	BGD-RAJSHAHI	Rajshahi	2020-11-21	19.45	26.67	0.94
3	BGD-RAJSHAHI	Rajshahi	2020-11-22	13.97	25.31	0.15
3	BGD-RAJSHAHI	Rajshahi	2020-11-23	11.12	23.81	0.0
3	BGD-RAJSHAHI	Rajshahi	2020-11-24	11.23	24.69	0.0
3	BGD-RAJSHAHI	Rajshahi	2020-11-25	13.41	25.72	0.0
3	BGD-RAJSHAHI	Rajshahi	2020-11-26	13.78	24.52	0.0
3	BGD-RAJSHAHI	Rajshahi	2020-11-27	15.91	24.22	0.01
3	BGD-RAJSHAHI	Rajshahi	2020-11-28	13.71	25.46	0.01
3	BGD-RAJSHAHI	Rajshahi	2020-11-29	12.02	24.84	0.0
3	BGD-RAJSHAHI	Rajshahi	2020-11-30	11.77	25.54	0.0
3	BGD-RAJSHAHI	Rajshahi	2020-12-01	13.1	26.03	0.0
3	BGD-RAJSHAHI	Rajshahi	2020-12-02	14.23	25.7	0.0
3	BGD-RAJSHAHI	Rajshahi	2020-12-03	14.2	25.63	0.0
3	BGD-RAJSHAHI	Rajshahi	2020-12-04	14.62	24.96	0.0
3	BGD-RAJSHAHI	Rajshahi	2020-12-05	14.84	24.53	0.0
3	BGD-RAJSHAHI	Rajshahi	2020-12-06	14.73	24.9	0.0
3	BGD-RAJSHAHI	Rajshahi	2020-12-07	15.5	25.07	0.0
3	BGD-RAJSHAHI	Rajshahi	2020-12-08	14.38	24.02	0.0
3	BGD-RAJSHAHI	Rajshahi	2020-12-09	14.6	24.5	0.0
3	BGD-RAJSHAHI	Rajshahi	2020-12-10	14.46	24.04	0.0
3	BGD-RAJSHAHI	Rajshahi	2020-12-11	14.14	23.61	0.0
3	BGD-RAJSHAHI	Rajshahi	2020-12-12	12.78	22.57	0.0
3	BGD-RAJSHAHI	Rajshahi	2020-12-13	13.32	24.48	0.0
3	BGD-RAJSHAHI	Rajshahi	2020-12-14	13.75	24.72	0.0
3	BGD-RAJSHAHI	Rajshahi	2020-12-15	13.54	23.78	0.0
3	BGD-RAJSHAHI	Rajshahi	2020-12-16	14.59	24.07	0.01
3	BGD-RAJSHAHI	Rajshahi	2020-12-17	13.43	23.39	0.0
3	BGD-RAJSHAHI	Rajshahi	2020-12-18	10.86	22.08	0.0
3	BGD-RAJSHAHI	Rajshahi	2020-12-19	7.89	19.05	0.0
3	BGD-RAJSHAHI	Rajshahi	2020-12-20	6.55	20.09	0.0
3	BGD-RAJSHAHI	Rajshahi	2020-12-21	8.15	21.49	0.0
3	BGD-RAJSHAHI	Rajshahi	2020-12-22	8.89	22.57	0.0
3	BGD-RAJSHAHI	Rajshahi	2020-12-23	9.49	22.97	0.67
3	BGD-RAJSHAHI	Rajshahi	2020-12-24	10.41	23.11	0.0
3	BGD-RAJSHAHI	Rajshahi	2020-12-25	11.36	22.83	0.0
3	BGD-RAJSHAHI	Rajshahi	2020-12-26	8.07	21.8	0.0
3	BGD-RAJSHAHI	Rajshahi	2020-12-27	7.5	21.48	0.0
3	BGD-RAJSHAHI	Rajshahi	2020-12-28	10.28	22.44	0.0
3	BGD-RAJSHAHI	Rajshahi	2020-12-29	11.78	22.59	0.0
3	BGD-RAJSHAHI	Rajshahi	2020-12-30	9.26	21.94	0.0
3	BGD-RAJSHAHI	Rajshahi	2020-12-31	8.64	22.67	0.0
